page	file	precision	marker_line	also_spans
1	00-front-matter/00-cover-and-legal.md	exact	1	
2	00-front-matter/00-cover-and-legal.md	exact	11	00-front-matter/01-contents.md
3	00-front-matter/00-cover-and-legal.md	inferred	11	00-front-matter/01-contents.md
4	00-front-matter/00-cover-and-legal.md	inferred	11	00-front-matter/01-contents.md
5	00-front-matter/00-cover-and-legal.md	inferred	11	00-front-matter/01-contents.md
6	00-front-matter/00-cover-and-legal.md	inferred	11	00-front-matter/01-contents.md
7	00-front-matter/00-cover-and-legal.md	inferred	11	00-front-matter/01-contents.md
8	00-front-matter/00-cover-and-legal.md	inferred	11	00-front-matter/01-contents.md
9	00-front-matter/00-cover-and-legal.md	inferred	11	00-front-matter/01-contents.md
10	00-front-matter/00-cover-and-legal.md	inferred	11	00-front-matter/01-contents.md
11	00-front-matter/00-cover-and-legal.md	inferred	11	00-front-matter/01-contents.md
12	00-front-matter/00-cover-and-legal.md	inferred	11	00-front-matter/01-contents.md
13	00-front-matter/00-cover-and-legal.md	inferred	11	00-front-matter/01-contents.md
14	00-front-matter/00-cover-and-legal.md	inferred	11	00-front-matter/01-contents.md
15	00-front-matter/02-list-of-figures.md	exact	497	
16	00-front-matter/03-list-of-tables.md	exact	509	
17	00-front-matter/03-list-of-tables.md	exact	555	
18	00-front-matter/03-list-of-tables.md	exact	600	
19	00-front-matter/03-list-of-tables.md	exact	645	
20	00-front-matter/03-list-of-tables.md	exact	690	
21	00-front-matter/03-list-of-tables.md	exact	735	
22	00-front-matter/03-list-of-tables.md	exact	780	
23	00-front-matter/03-list-of-tables.md	exact	825	
24	00-front-matter/03-list-of-tables.md	exact	870	
25	00-front-matter/03-list-of-tables.md	exact	915	
26	00-front-matter/03-list-of-tables.md	exact	960	
27	00-front-matter/03-list-of-tables.md	exact	1005	
28	00-front-matter/03-list-of-tables.md	exact	1050	
29	00-front-matter/03-list-of-tables.md	exact	1095	
30	00-front-matter/03-list-of-tables.md	exact	1140	
31	00-front-matter/03-list-of-tables.md	exact	1185	
32	00-front-matter/03-list-of-tables.md	exact	1230	
33	00-front-matter/03-list-of-tables.md	exact	1275	
34	00-front-matter/03-list-of-tables.md	exact	1320	
35	00-front-matter/03-list-of-tables.md	exact	1365	
36	00-front-matter/04-about-this-document.md	exact	1389	
37	00-front-matter/04-about-this-document.md	inferred	1389	
38	00-front-matter/04-about-this-document.md	inferred	1389	
39	00-front-matter/04-about-this-document.md	inferred	1389	
40	00-front-matter/04-about-this-document.md	inferred	1389	
41	00-front-matter/04-about-this-document.md	inferred	1389	
42	00-front-matter/04-about-this-document.md	inferred	1389	
43	01-introduction/01-introduction.md	exact	1454	
44	01-introduction/01-introduction.md	exact	1474	
45	01-introduction/01-introduction.md	exact	1478	
46	01-introduction/01-introduction.md	exact	1484	
47	01-introduction/01-introduction.md	inferred	1484	
48	01-introduction/01-introduction.md	inferred	1484	
49	01-introduction/01-introduction.md	inferred	1484	
50	01-introduction/01-introduction.md	inferred	1484	
51	01-introduction/01-introduction.md	inferred	1484	
52	01-introduction/01-introduction.md	exact	1584	
53	01-introduction/01-introduction.md	inferred	1584	
54	01-introduction/01-introduction.md	inferred	1584	
55	01-introduction/01-introduction.md	inferred	1584	
56	01-introduction/01-introduction.md	exact	1670	
57	01-introduction/01-introduction.md	inferred	1670	
58	01-introduction/01-introduction.md	inferred	1670	
59	01-introduction/01-introduction.md	exact	1745	
60	01-introduction/01-introduction.md	exact	1766	
61	01-introduction/01-introduction.md	exact	1778	
62	01-introduction/01-introduction.md	exact	1809	
63	02-using-the-cli/02-using-the-cli.md	exact	1824	
64	02-using-the-cli/02-using-the-cli.md	exact	1882	
65	02-using-the-cli/02-using-the-cli.md	exact	1908	
66	02-using-the-cli/02-using-the-cli.md	exact	1945	
67	02-using-the-cli/02-using-the-cli.md	exact	1992	
68	02-using-the-cli/02-using-the-cli.md	exact	2035	
69	02-using-the-cli/02-using-the-cli.md	inferred	2035	
70	02-using-the-cli/02-using-the-cli.md	inferred	2035	
71	02-using-the-cli/02-using-the-cli.md	exact	2099	
72	02-using-the-cli/02-using-the-cli.md	exact	2121	
73	02-using-the-cli/02-using-the-cli.md	exact	2155	
74	02-using-the-cli/02-using-the-cli.md	inferred	2155	
75	02-using-the-cli/02-using-the-cli.md	exact	2207	
76	02-using-the-cli/02-using-the-cli.md	exact	2238	
77	02-using-the-cli/02-using-the-cli.md	inferred	2238	
78	02-using-the-cli/02-using-the-cli.md	inferred	2238	
79	02-using-the-cli/02-using-the-cli.md	exact	2315	
80	02-using-the-cli/02-using-the-cli.md	exact	2376	
81	02-using-the-cli/02-using-the-cli.md	exact	2437	
82	02-using-the-cli/02-using-the-cli.md	exact	2490	
83	02-using-the-cli/02-using-the-cli.md	inferred	2490	
84	02-using-the-cli/02-using-the-cli.md	exact	2582	
85	02-using-the-cli/02-using-the-cli.md	exact	2619	
86	02-using-the-cli/02-using-the-cli.md	exact	2662	
87	02-using-the-cli/02-using-the-cli.md	exact	2714	
88	02-using-the-cli/02-using-the-cli.md	inferred	2714	
89	02-using-the-cli/02-using-the-cli.md	exact	2808	
90	02-using-the-cli/02-using-the-cli.md	exact	2828	
91	02-using-the-cli/02-using-the-cli.md	inferred	2828	
92	02-using-the-cli/02-using-the-cli.md	inferred	2828	
93	02-using-the-cli/02-using-the-cli.md	inferred	2828	
94	02-using-the-cli/02-using-the-cli.md	inferred	2828	
95	03-auxiliary-and-help-commands/03-auxiliary-and-help-commands.md	exact	2989	
96	03-auxiliary-and-help-commands/03-auxiliary-and-help-commands.md	exact	3032	
97	04-navigation-and-display-commands/04-navigation-and-display-commands.md	exact	3036	
98	04-navigation-and-display-commands/04-navigation-and-display-commands.md	exact	3065	
99	04-navigation-and-display-commands/04-navigation-and-display-commands.md	exact	3105	
100	04-navigation-and-display-commands/04-navigation-and-display-commands.md	exact	3141	
101	04-navigation-and-display-commands/04-navigation-and-display-commands.md	exact	3172	
102	04-navigation-and-display-commands/04-navigation-and-display-commands.md	exact	3212	
103	04-navigation-and-display-commands/04-navigation-and-display-commands.md	exact	3254	
104	04-navigation-and-display-commands/04-navigation-and-display-commands.md	exact	3262	
105	04-navigation-and-display-commands/04-navigation-and-display-commands.md	exact	3292	
106	04-navigation-and-display-commands/04-navigation-and-display-commands.md	exact	3340	
107	04-navigation-and-display-commands/04-navigation-and-display-commands.md	exact	3381	
108	04-navigation-and-display-commands/04-navigation-and-display-commands.md	exact	3408	
109	04-navigation-and-display-commands/04-navigation-and-display-commands.md	inferred	3408	
110	04-navigation-and-display-commands/04-navigation-and-display-commands.md	exact	3467	
111	04-navigation-and-display-commands/04-navigation-and-display-commands.md	exact	3499	
112	05-piped-commands/05-piped-commands.md	exact	3538	
113	05-piped-commands/05-piped-commands.md	exact	3576	
114	05-piped-commands/05-piped-commands.md	inferred	3576	
115	05-piped-commands/05-piped-commands.md	exact	3633	
116	05-piped-commands/05-piped-commands.md	inferred	3633	
117	05-piped-commands/05-piped-commands.md	exact	3692	
118	05-piped-commands/05-piped-commands.md	exact	3720	
119	05-piped-commands/05-piped-commands.md	exact	3747	
120	05-piped-commands/05-piped-commands.md	exact	3792	
121	05-piped-commands/05-piped-commands.md	exact	3821	
122	05-piped-commands/05-piped-commands.md	exact	3860	
123	05-piped-commands/05-piped-commands.md	exact	3879	
124	05-piped-commands/05-piped-commands.md	exact	3920	
125	05-piped-commands/05-piped-commands.md	exact	3955	
126	05-piped-commands/05-piped-commands.md	exact	4001	
127	06-operation-commands/000-overview.md	exact	4011	06-operation-commands/001-aaa-server.md
128	06-operation-commands/001-aaa-server.md	exact	4041	
129	06-operation-commands/001-aaa-server.md	inferred	4041	
130	06-operation-commands/001-aaa-server.md	exact	4074	06-operation-commands/002-aaa-statistics.md
131	06-operation-commands/001-aaa-server.md	inferred	4074	06-operation-commands/002-aaa-statistics.md
132	06-operation-commands/002-aaa-statistics.md	exact	4123	
133	06-operation-commands/003-access-control-list.md	exact	4129	
134	06-operation-commands/004-access-rule.md	exact	4159	
135	06-operation-commands/004-access-rule.md	inferred	4159	
136	06-operation-commands/004-access-rule.md	inferred	4159	
137	06-operation-commands/004-access-rule.md	inferred	4159	
138	06-operation-commands/004-access-rule.md	inferred	4159	
139	06-operation-commands/005-access-rule-list.md	exact	4224	
140	06-operation-commands/005-access-rule-list.md	inferred	4224	
141	06-operation-commands/006-ace.md	exact	4274	
142	06-operation-commands/006-ace.md	exact	4302	
143	06-operation-commands/006-ace.md	inferred	4302	
144	06-operation-commands/007-acl.md	exact	4343	
145	06-operation-commands/007-acl.md	inferred	4343	
146	06-operation-commands/008-activate.md	exact	4396	
147	06-operation-commands/008-activate.md	exact	4415	
148	06-operation-commands/008-activate.md	exact	4428	
149	06-operation-commands/008-activate.md	exact	4445	
150	06-operation-commands/008-activate.md	exact	4476	
151	06-operation-commands/008-activate.md	exact	4501	
152	06-operation-commands/008-activate.md	inferred	4501	
153	06-operation-commands/008-activate.md	inferred	4501	
154	06-operation-commands/008-activate.md	inferred	4501	
155	06-operation-commands/008-activate.md	inferred	4501	
156	06-operation-commands/008-activate.md	inferred	4501	
157	06-operation-commands/008-activate.md	inferred	4501	
158	06-operation-commands/008-activate.md	inferred	4501	
159	06-operation-commands/008-activate.md	exact	4577	
160	06-operation-commands/008-activate.md	exact	4635	
161	06-operation-commands/009-activate-snapshot.md	exact	4643	
162	06-operation-commands/009-activate-snapshot.md	exact	4685	
163	06-operation-commands/010-add.md	exact	4691	
164	06-operation-commands/010-add.md	exact	4718	
165	06-operation-commands/010-add.md	inferred	4718	
166	06-operation-commands/010-add.md	inferred	4718	
167	06-operation-commands/010-add.md	inferred	4718	
168	06-operation-commands/010-add.md	inferred	4718	
169	06-operation-commands/010-add.md	inferred	4718	
170	06-operation-commands/011-additional-key-exchange.md	exact	4832	
171	06-operation-commands/011-additional-key-exchange.md	exact	4857	
172	06-operation-commands/011-additional-key-exchange.md	inferred	4857	
173	06-operation-commands/012-adg.md	exact	4893	
174	06-operation-commands/012-adg.md	inferred	4893	
175	06-operation-commands/013-advanced-parameter.md	exact	4937	
176	06-operation-commands/013-advanced-parameter.md	exact	4966	
177	06-operation-commands/013-advanced-parameter.md	exact	4985	
178	06-operation-commands/014-alarm.md	exact	5023	
179	06-operation-commands/014-alarm.md	inferred	5023	
180	06-operation-commands/014-alarm.md	inferred	5023	
181	06-operation-commands/014-alarm.md	inferred	5023	
182	06-operation-commands/015-alarm-control.md	exact	5099	
183	06-operation-commands/015-alarm-control.md	inferred	5099	
184	06-operation-commands/016-alarm-inventory.md	exact	5151	
185	06-operation-commands/016-alarm-inventory.md	inferred	5151	
186	06-operation-commands/017-alarm-severity-entry.md	exact	5195	
187	06-operation-commands/017-alarm-severity-entry.md	inferred	5195	
188	06-operation-commands/017-alarm-severity-entry.md	exact	5249	
189	06-operation-commands/018-alarm-severity-profile.md	exact	5261	
190	06-operation-commands/018-alarm-severity-profile.md	exact	5299	
191	06-operation-commands/019-amplifier.md	exact	5305	
192	06-operation-commands/019-amplifier.md	exact	5340	
193	06-operation-commands/019-amplifier.md	inferred	5340	
194	06-operation-commands/019-amplifier.md	inferred	5340	
195	06-operation-commands/019-amplifier.md	inferred	5340	
196	06-operation-commands/019-amplifier.md	inferred	5340	
197	06-operation-commands/019-amplifier.md	inferred	5340	
198	06-operation-commands/019-amplifier.md	inferred	5340	
199	06-operation-commands/019-amplifier.md	inferred	5340	
200	06-operation-commands/019-amplifier.md	inferred	5340	
201	06-operation-commands/019-amplifier.md	inferred	5340	
202	06-operation-commands/019-amplifier.md	inferred	5340	
203	06-operation-commands/019-amplifier.md	inferred	5340	
204	06-operation-commands/019-amplifier.md	exact	5396	
205	06-operation-commands/020-amplifier-raman.md	exact	5414	
206	06-operation-commands/020-amplifier-raman.md	inferred	5414	
207	06-operation-commands/020-amplifier-raman.md	inferred	5414	
208	06-operation-commands/020-amplifier-raman.md	inferred	5414	
209	06-operation-commands/020-amplifier-raman.md	inferred	5414	
210	06-operation-commands/020-amplifier-raman.md	inferred	5414	
211	06-operation-commands/020-amplifier-raman.md	inferred	5414	
212	06-operation-commands/020-amplifier-raman.md	inferred	5414	
213	06-operation-commands/021-app.md	exact	5469	
214	06-operation-commands/022-appctl.md	exact	5505	
215	06-operation-commands/022-appctl.md	inferred	5505	
216	06-operation-commands/023-apply-template.md	exact	5538	
217	06-operation-commands/023-apply-template.md	exact	5569	
218	06-operation-commands/024-ase-idler-service.md	exact	5591	
219	06-operation-commands/024-ase-idler-service.md	inferred	5591	
220	06-operation-commands/024-ase-idler-service.md	inferred	5591	
221	06-operation-commands/024-ase-idler-service.md	inferred	5591	
222	06-operation-commands/025-ase-idler-source.md	exact	5641	
223	06-operation-commands/025-ase-idler-source.md	inferred	5641	
224	06-operation-commands/025-ase-idler-source.md	inferred	5641	
225	06-operation-commands/025-ase-idler-source.md	inferred	5641	
226	06-operation-commands/026-auth-key.md	exact	5695	
227	06-operation-commands/026-auth-key.md	inferred	5695	
228	06-operation-commands/027-authorization.md	exact	5741	
229	06-operation-commands/027-authorization.md	inferred	5741	
230	06-operation-commands/027-authorization.md	inferred	5741	
231	06-operation-commands/027-authorization.md	exact	5786	
232	06-operation-commands/028-bert.md	exact	5794	
233	06-operation-commands/028-bert.md	inferred	5794	
234	06-operation-commands/028-bert.md	inferred	5794	
235	06-operation-commands/028-bert.md	exact	5873	
236	06-operation-commands/029-bgp-instance.md	exact	5885	
237	06-operation-commands/029-bgp-instance.md	inferred	5885	
238	06-operation-commands/030-bgp-neighbor.md	exact	5932	
239	06-operation-commands/030-bgp-neighbor.md	inferred	5932	
240	06-operation-commands/030-bgp-neighbor.md	inferred	5932	
241	06-operation-commands/030-bgp-neighbor.md	exact	5985	
242	06-operation-commands/031-bgp-network.md	exact	5996	
243	06-operation-commands/031-bgp-network.md	exact	6022	
244	06-operation-commands/032-bootstrap.md	exact	6042	
245	06-operation-commands/032-bootstrap.md	inferred	6042	
246	06-operation-commands/033-cable-id.md	exact	6075	
247	06-operation-commands/034-cable-id-path.md	exact	6116	
248	06-operation-commands/034-cable-id-path.md	exact	6149	
249	06-operation-commands/034-cable-id-path.md	inferred	6149	
250	06-operation-commands/034-cable-id-path.md	inferred	6149	
251	06-operation-commands/034-cable-id-path.md	inferred	6149	
252	06-operation-commands/034-cable-id-path.md	inferred	6149	
253	06-operation-commands/034-cable-id-path.md	inferred	6149	
254	06-operation-commands/034-cable-id-path.md	inferred	6149	
255	06-operation-commands/034-cable-id-path.md	inferred	6149	
256	06-operation-commands/034-cable-id-path.md	exact	6200	
257	06-operation-commands/035-cable-id-status.md	exact	6226	
258	06-operation-commands/035-cable-id-status.md	inferred	6226	
259	06-operation-commands/036-calibrate.md	exact	6273	
260	06-operation-commands/036-calibrate.md	inferred	6273	
261	06-operation-commands/037-call-home.md	exact	6319	
262	06-operation-commands/037-call-home.md	exact	6356	
263	06-operation-commands/038-cancel-upgrade.md	exact	6378	
264	06-operation-commands/039-capabilities.md	exact	6417	
265	06-operation-commands/040-card.md	exact	6447	
266	06-operation-commands/040-card.md	exact	6476	
267	06-operation-commands/040-card.md	inferred	6476	
268	06-operation-commands/040-card.md	inferred	6476	
269	06-operation-commands/040-card.md	inferred	6476	
270	06-operation-commands/040-card.md	inferred	6476	
271	06-operation-commands/040-card.md	inferred	6476	
272	06-operation-commands/040-card.md	inferred	6476	
273	06-operation-commands/040-card.md	inferred	6476	
274	06-operation-commands/040-card.md	inferred	6476	
275	06-operation-commands/040-card.md	inferred	6476	
276	06-operation-commands/040-card.md	exact	6513	
277	06-operation-commands/041-carrier-neighbor.md	exact	6548	
278	06-operation-commands/041-carrier-neighbor.md	inferred	6548	
279	06-operation-commands/042-cdp.md	exact	6588	
280	06-operation-commands/042-cdp.md	inferred	6588	
281	06-operation-commands/042-cdp.md	inferred	6588	
282	06-operation-commands/043-cert-gen.md	exact	6630	
283	06-operation-commands/043-cert-gen.md	inferred	6630	
284	06-operation-commands/044-cert-to-name.md	exact	6680	
285	06-operation-commands/044-cert-to-name.md	inferred	6680	
286	06-operation-commands/044-cert-to-name.md	inferred	6680	
287	06-operation-commands/045-certificate.md	exact	6737	
288	06-operation-commands/045-certificate.md	inferred	6737	
289	06-operation-commands/046-change-ztp-mode.md	exact	6804	
290	06-operation-commands/046-change-ztp-mode.md	exact	6840	
291	06-operation-commands/047-chassis.md	exact	6850	
292	06-operation-commands/047-chassis.md	exact	6882	
293	06-operation-commands/047-chassis.md	inferred	6882	
294	06-operation-commands/047-chassis.md	inferred	6882	
295	06-operation-commands/047-chassis.md	inferred	6882	
296	06-operation-commands/047-chassis.md	inferred	6882	
297	06-operation-commands/047-chassis.md	inferred	6882	
298	06-operation-commands/047-chassis.md	inferred	6882	
299	06-operation-commands/047-chassis.md	inferred	6882	
300	06-operation-commands/047-chassis.md	inferred	6882	
301	06-operation-commands/047-chassis.md	inferred	6882	
302	06-operation-commands/048-cid-ptp.md	exact	6960	
303	06-operation-commands/048-cid-ptp.md	inferred	6960	
304	06-operation-commands/048-cid-ptp.md	inferred	6960	
305	06-operation-commands/048-cid-ptp.md	inferred	6960	
306	06-operation-commands/048-cid-ptp.md	inferred	6960	
307	06-operation-commands/049-clear.md	exact	7051	
308	06-operation-commands/049-clear.md	inferred	7051	
309	06-operation-commands/049-clear.md	inferred	7051	
310	06-operation-commands/050-cli.md	exact	7119	
311	06-operation-commands/050-cli.md	inferred	7119	
312	06-operation-commands/050-cli.md	exact	7182	
313	06-operation-commands/051-cli-session-config.md	exact	7194	
314	06-operation-commands/051-cli-session-config.md	inferred	7194	
315	06-operation-commands/052-clock.md	exact	7237	
316	06-operation-commands/052-clock.md	inferred	7237	
317	06-operation-commands/052-clock.md	inferred	7237	
318	06-operation-commands/052-clock.md	inferred	7237	
319	06-operation-commands/052-clock.md	inferred	7237	
320	06-operation-commands/053-comm-channel.md	exact	7284	
321	06-operation-commands/053-comm-channel.md	exact	7317	
322	06-operation-commands/053-comm-channel.md	inferred	7317	
323	06-operation-commands/053-comm-channel.md	inferred	7317	
324	06-operation-commands/053-comm-channel.md	inferred	7317	
325	06-operation-commands/053-comm-channel.md	inferred	7317	
326	06-operation-commands/053-comm-channel.md	exact	7355	
327	06-operation-commands/054-comm-eth.md	exact	7383	
328	06-operation-commands/054-comm-eth.md	inferred	7383	
329	06-operation-commands/054-comm-eth.md	inferred	7383	
330	06-operation-commands/054-comm-eth.md	inferred	7383	
331	06-operation-commands/054-comm-eth.md	exact	7433	
332	06-operation-commands/055-commit.md	exact	7491	
333	06-operation-commands/055-commit.md	exact	7517	
334	06-operation-commands/056-config.md	exact	7556	
335	06-operation-commands/057-configure.md	exact	7581	
336	06-operation-commands/057-configure.md	exact	7613	
337	06-operation-commands/058-connect.md	exact	7634	
338	06-operation-commands/058-connect.md	exact	7670	
339	06-operation-commands/059-connection-ports.md	exact	7678	
340	06-operation-commands/059-connection-ports.md	exact	7710	
341	06-operation-commands/060-console.md	exact	7747	
342	06-operation-commands/060-console.md	inferred	7747	
343	06-operation-commands/060-console.md	inferred	7747	
344	06-operation-commands/061-controller-card.md	exact	7811	
345	06-operation-commands/061-controller-card.md	inferred	7811	
346	06-operation-commands/062-convert.md	exact	7870	
347	06-operation-commands/062-convert.md	exact	7894	
348	06-operation-commands/062-convert.md	inferred	7894	
349	06-operation-commands/063-crl.md	exact	7971	
350	06-operation-commands/063-crl.md	inferred	7971	
351	06-operation-commands/063-crl.md	inferred	7971	
352	06-operation-commands/064-csr-gen.md	exact	8032	
353	06-operation-commands/064-csr-gen.md	inferred	8032	
354	06-operation-commands/064-csr-gen.md	inferred	8032	
355	06-operation-commands/064-csr-gen.md	inferred	8032	
356	06-operation-commands/064-csr-gen.md	inferred	8032	
357	06-operation-commands/064-csr-gen.md	inferred	8032	
358	06-operation-commands/064-csr-gen.md	exact	8085	
359	06-operation-commands/065-current-advanced-parameter.md	exact	8103	
360	06-operation-commands/065-current-advanced-parameter.md	exact	8143	
361	06-operation-commands/066-current-alarms.md	exact	8176	
362	06-operation-commands/067-current-fw.md	exact	8215	
363	06-operation-commands/067-current-fw.md	inferred	8215	
364	06-operation-commands/068-current-subscription.md	exact	8282	
365	06-operation-commands/068-current-subscription.md	inferred	8282	
366	06-operation-commands/069-custom-tlv.md	exact	8321	
367	06-operation-commands/070-data-model.md	exact	8354	
368	06-operation-commands/071-data-path-encryption.md	exact	8395	
369	06-operation-commands/072-database.md	exact	8429	
370	06-operation-commands/072-database.md	exact	8457	
371	06-operation-commands/072-database.md	inferred	8457	
372	06-operation-commands/072-database.md	inferred	8457	
373	06-operation-commands/072-database.md	exact	8509	
374	06-operation-commands/073-db-migrate.md	exact	8527	
375	06-operation-commands/073-db-migrate.md	exact	8567	
376	06-operation-commands/074-db-protection-scheme.md	exact	8573	
377	06-operation-commands/074-db-protection-scheme.md	inferred	8573	
378	06-operation-commands/075-default.md	exact	8619	
379	06-operation-commands/075-default.md	exact	8654	
380	06-operation-commands/076-degree.md	exact	8695	
381	06-operation-commands/076-degree.md	inferred	8695	
382	06-operation-commands/076-degree.md	inferred	8695	
383	06-operation-commands/077-delete.md	exact	8750	
384	06-operation-commands/077-delete.md	exact	8770	
385	06-operation-commands/077-delete.md	exact	8803	
386	06-operation-commands/077-delete.md	inferred	8803	
387	06-operation-commands/077-delete.md	inferred	8803	
388	06-operation-commands/077-delete.md	inferred	8803	
389	06-operation-commands/077-delete.md	inferred	8803	
390	06-operation-commands/077-delete.md	exact	8925	
391	06-operation-commands/078-dhcp-relay.md	exact	8956	
392	06-operation-commands/078-dhcp-relay.md	exact	8996	
393	06-operation-commands/079-dial-out-server.md	exact	9010	
394	06-operation-commands/079-dial-out-server.md	inferred	9010	
395	06-operation-commands/079-dial-out-server.md	inferred	9010	
396	06-operation-commands/079-dial-out-server.md	exact	9075	
397	06-operation-commands/080-diff.md	exact	9099	
398	06-operation-commands/080-diff.md	exact	9127	
399	06-operation-commands/081-direction.md	exact	9159	
400	06-operation-commands/081-direction.md	exact	9188	
401	06-operation-commands/081-direction.md	inferred	9188	
402	06-operation-commands/082-discard-changes.md	exact	9240	
403	06-operation-commands/083-display-cert.md	exact	9274	
404	06-operation-commands/083-display-cert.md	inferred	9274	
405	06-operation-commands/083-display-cert.md	inferred	9274	
406	06-operation-commands/083-display-cert.md	inferred	9274	
407	06-operation-commands/084-dns.md	exact	9401	
408	06-operation-commands/084-dns.md	inferred	9401	
409	06-operation-commands/085-dns-server.md	exact	9448	
410	06-operation-commands/085-dns-server.md	inferred	9448	
411	06-operation-commands/086-download.md	exact	9490	
412	06-operation-commands/086-download.md	exact	9515	
413	06-operation-commands/086-download.md	exact	9539	
414	06-operation-commands/086-download.md	exact	9557	
415	06-operation-commands/086-download.md	exact	9582	
416	06-operation-commands/086-download.md	inferred	9582	
417	06-operation-commands/086-download.md	inferred	9582	
418	06-operation-commands/086-download.md	inferred	9582	
419	06-operation-commands/086-download.md	inferred	9582	
420	06-operation-commands/086-download.md	inferred	9582	
421	06-operation-commands/086-download.md	exact	9627	
422	06-operation-commands/086-download.md	exact	9669	
423	06-operation-commands/086-download.md	exact	9736	
424	06-operation-commands/086-download.md	exact	9787	
425	06-operation-commands/087-downloaded-image.md	exact	9819	
426	06-operation-commands/088-downloads.md	exact	9859	
427	06-operation-commands/089-dsc.md	exact	9885	
428	06-operation-commands/089-dsc.md	inferred	9885	
429	06-operation-commands/089-dsc.md	inferred	9885	
430	06-operation-commands/089-dsc.md	inferred	9885	
431	06-operation-commands/090-dsc-group.md	exact	9938	
432	06-operation-commands/090-dsc-group.md	exact	9969	
433	06-operation-commands/090-dsc-group.md	inferred	9969	
434	06-operation-commands/090-dsc-group.md	inferred	9969	
435	06-operation-commands/090-dsc-group.md	inferred	9969	
436	06-operation-commands/090-dsc-group.md	inferred	9969	
437	06-operation-commands/091-encryption-algorithm.md	exact	10013	
438	06-operation-commands/091-encryption-algorithm.md	inferred	10013	
439	06-operation-commands/092-equipment.md	exact	10061	
440	06-operation-commands/092-equipment.md	exact	10101	
441	06-operation-commands/093-equipment-policies.md	exact	10128	
442	06-operation-commands/093-equipment-policies.md	inferred	10128	
443	06-operation-commands/093-equipment-policies.md	exact	10180	
444	06-operation-commands/094-equipment-templates.md	exact	10188	
445	06-operation-commands/094-equipment-templates.md	exact	10223	
446	06-operation-commands/095-est.md	exact	10240	
447	06-operation-commands/095-est.md	inferred	10240	
448	06-operation-commands/095-est.md	inferred	10240	
449	06-operation-commands/095-est.md	inferred	10240	
450	06-operation-commands/096-est-ca.md	exact	10295	
451	06-operation-commands/096-est-ca.md	inferred	10295	
452	06-operation-commands/097-est-server.md	exact	10337	
453	06-operation-commands/097-est-server.md	inferred	10337	
454	06-operation-commands/098-eth-zr.md	exact	10384	
455	06-operation-commands/098-eth-zr.md	exact	10416	
456	06-operation-commands/098-eth-zr.md	inferred	10416	
457	06-operation-commands/098-eth-zr.md	inferred	10416	
458	06-operation-commands/098-eth-zr.md	inferred	10416	
459	06-operation-commands/098-eth-zr.md	inferred	10416	
460	06-operation-commands/098-eth-zr.md	inferred	10416	
461	06-operation-commands/099-ethernet.md	exact	10493	
462	06-operation-commands/099-ethernet.md	exact	10526	
463	06-operation-commands/099-ethernet.md	inferred	10526	
464	06-operation-commands/099-ethernet.md	inferred	10526	
465	06-operation-commands/099-ethernet.md	inferred	10526	
466	06-operation-commands/099-ethernet.md	inferred	10526	
467	06-operation-commands/099-ethernet.md	inferred	10526	
468	06-operation-commands/099-ethernet.md	inferred	10526	
469	06-operation-commands/099-ethernet.md	inferred	10526	
470	06-operation-commands/099-ethernet.md	inferred	10526	
471	06-operation-commands/100-exit.md	exact	10593	
472	06-operation-commands/101-expect.md	exact	10634	
473	06-operation-commands/101-expect.md	exact	10664	
474	06-operation-commands/102-export.md	exact	10688	
475	06-operation-commands/102-export.md	inferred	10688	
476	06-operation-commands/103-extended-config.md	exact	10753	
477	06-operation-commands/104-external-fiber-connection.md	exact	10786	
478	06-operation-commands/104-external-fiber-connection.md	inferred	10786	
479	06-operation-commands/104-external-fiber-connection.md	inferred	10786	
480	06-operation-commands/105-facilities.md	exact	10840	
481	06-operation-commands/105-facilities.md	inferred	10840	
482	06-operation-commands/106-fc.md	exact	10901	
483	06-operation-commands/106-fc.md	inferred	10901	
484	06-operation-commands/106-fc.md	inferred	10901	
485	06-operation-commands/106-fc.md	inferred	10901	
486	06-operation-commands/106-fc.md	inferred	10901	
487	06-operation-commands/106-fc.md	inferred	10901	
488	06-operation-commands/106-fc.md	inferred	10901	
489	06-operation-commands/107-fiber-connection.md	exact	10962	
490	06-operation-commands/107-fiber-connection.md	inferred	10962	
491	06-operation-commands/108-file.md	exact	11009	
492	06-operation-commands/108-file.md	exact	11038	
493	06-operation-commands/108-file.md	inferred	11038	
494	06-operation-commands/108-file.md	exact	11090	
495	06-operation-commands/109-file-operation.md	exact	11122	
496	06-operation-commands/110-file-server.md	exact	11154	
497	06-operation-commands/110-file-server.md	inferred	11154	
498	06-operation-commands/110-file-server.md	inferred	11154	
499	06-operation-commands/110-file-server.md	inferred	11154	
500	06-operation-commands/111-file-type.md	exact	11203	
501	06-operation-commands/112-flexo.md	exact	11237	
502	06-operation-commands/112-flexo.md	inferred	11237	
503	06-operation-commands/112-flexo.md	inferred	11237	
504	06-operation-commands/112-flexo.md	inferred	11237	
505	06-operation-commands/113-flexo-group.md	exact	11296	
506	06-operation-commands/113-flexo-group.md	inferred	11296	
507	06-operation-commands/113-flexo-group.md	inferred	11296	
508	06-operation-commands/113-flexo-group.md	inferred	11296	
509	06-operation-commands/114-fru-info.md	exact	11346	
510	06-operation-commands/115-gadt.md	exact	11377	
511	06-operation-commands/115-gadt.md	exact	11420	
512	06-operation-commands/116-gapt.md	exact	11427	
513	06-operation-commands/116-gapt.md	exact	11467	
514	06-operation-commands/117-gcmt.md	exact	11507	
515	06-operation-commands/117-gcmt.md	inferred	11507	
516	06-operation-commands/118-get-conditions.md	exact	11555	
517	06-operation-commands/118-get-conditions.md	inferred	11555	
518	06-operation-commands/119-golden-advanced-parameter.md	exact	11603	
519	06-operation-commands/119-golden-advanced-parameter.md	inferred	11603	
520	06-operation-commands/119-golden-advanced-parameter.md	inferred	11603	
521	06-operation-commands/120-golden-carrier-mode.md	exact	11675	
522	06-operation-commands/120-golden-carrier-mode.md	inferred	11675	
523	06-operation-commands/121-grpc.md	exact	11717	
524	06-operation-commands/121-grpc.md	inferred	11717	
525	06-operation-commands/122-gshell.md	exact	11770	
526	06-operation-commands/122-gshell.md	exact	11811	
527	06-operation-commands/123-high-speed-monitoring.md	exact	11823	
528	06-operation-commands/124-http-file-server.md	exact	11855	
529	06-operation-commands/124-http-file-server.md	inferred	11855	
530	06-operation-commands/125-icdp.md	exact	11899	
531	06-operation-commands/126-if-dhcp-relay.md	exact	11938	
532	06-operation-commands/126-if-dhcp-relay.md	exact	11980	
533	06-operation-commands/127-ike-sa-proposal.md	exact	11986	
534	06-operation-commands/127-ike-sa-proposal.md	inferred	11986	
535	06-operation-commands/128-ikev2.md	exact	12033	
536	06-operation-commands/129-ikev2-local-instance.md	exact	12072	
537	06-operation-commands/129-ikev2-local-instance.md	inferred	12072	
538	06-operation-commands/130-ikev2-peer.md	exact	12123	
539	06-operation-commands/130-ikev2-peer.md	exact	12157	
540	06-operation-commands/130-ikev2-peer.md	inferred	12157	
541	06-operation-commands/130-ikev2-peer.md	inferred	12157	
542	06-operation-commands/130-ikev2-peer.md	inferred	12157	
543	06-operation-commands/130-ikev2-peer.md	inferred	12157	
544	06-operation-commands/130-ikev2-peer.md	inferred	12157	
545	06-operation-commands/130-ikev2-peer.md	exact	12226	
546	06-operation-commands/131-import-certificate.md	exact	12235	
547	06-operation-commands/131-import-certificate.md	inferred	12235	
548	06-operation-commands/131-import-certificate.md	exact	12304	
549	06-operation-commands/132-inci.md	exact	12318	
550	06-operation-commands/132-inci.md	exact	12353	
551	06-operation-commands/133-inci-neighbor.md	exact	12359	
552	06-operation-commands/133-inci-neighbor.md	inferred	12359	
553	06-operation-commands/133-inci-neighbor.md	exact	12407	
554	06-operation-commands/134-interface.md	exact	12413	
555	06-operation-commands/134-interface.md	exact	12444	
556	06-operation-commands/134-interface.md	inferred	12444	
557	06-operation-commands/134-interface.md	inferred	12444	
558	06-operation-commands/134-interface.md	inferred	12444	
559	06-operation-commands/135-interface-neighbor.md	exact	12493	
560	06-operation-commands/135-interface-neighbor.md	inferred	12493	
561	06-operation-commands/135-interface-neighbor.md	inferred	12493	
562	06-operation-commands/136-interlaken.md	exact	12551	
563	06-operation-commands/136-interlaken.md	inferred	12551	
564	06-operation-commands/136-interlaken.md	inferred	12551	
565	06-operation-commands/136-interlaken.md	inferred	12551	
566	06-operation-commands/136-interlaken.md	inferred	12551	
567	06-operation-commands/137-inventory.md	exact	12627	
568	06-operation-commands/137-inventory.md	exact	12661	
569	06-operation-commands/137-inventory.md	inferred	12661	
570	06-operation-commands/138-ip-monitoring.md	exact	12701	
571	06-operation-commands/138-ip-monitoring.md	inferred	12701	
572	06-operation-commands/139-ipsec-sa-proposal.md	exact	12753	
573	06-operation-commands/139-ipsec-sa-proposal.md	inferred	12753	
574	06-operation-commands/140-ipsec-sa-re-key.md	exact	12804	
575	06-operation-commands/140-ipsec-sa-re-key.md	inferred	12804	
576	06-operation-commands/141-ipsec-spd-entry.md	exact	12842	
577	06-operation-commands/141-ipsec-spd-entry.md	inferred	12842	
578	06-operation-commands/141-ipsec-spd-entry.md	inferred	12842	
579	06-operation-commands/142-ipsec-traffic-selector.md	exact	12899	
580	06-operation-commands/142-ipsec-traffic-selector.md	inferred	12899	
581	06-operation-commands/143-ipv4-address.md	exact	12948	
582	06-operation-commands/143-ipv4-address.md	inferred	12948	
583	06-operation-commands/144-ipv4-static-route.md	exact	13000	
584	06-operation-commands/144-ipv4-static-route.md	inferred	13000	
585	06-operation-commands/144-ipv4-static-route.md	inferred	13000	
586	06-operation-commands/145-ipv6-address.md	exact	13053	
587	06-operation-commands/145-ipv6-address.md	inferred	13053	
588	06-operation-commands/146-ipv6-static-route.md	exact	13104	
589	06-operation-commands/146-ipv6-static-route.md	inferred	13104	
590	06-operation-commands/146-ipv6-static-route.md	inferred	13104	
591	06-operation-commands/147-isk.md	exact	13165	
592	06-operation-commands/147-isk.md	inferred	13165	
593	06-operation-commands/147-isk.md	inferred	13165	
594	06-operation-commands/148-key-replacement-package.md	exact	13238	
595	06-operation-commands/148-key-replacement-package.md	inferred	13238	
596	06-operation-commands/149-kill-session.md	exact	13281	
597	06-operation-commands/150-krk.md	exact	13319	
598	06-operation-commands/150-krk.md	inferred	13319	
599	06-operation-commands/151-l0-capabilities.md	exact	13376	
600	06-operation-commands/152-led.md	exact	13410	
601	06-operation-commands/152-led.md	inferred	13410	
602	06-operation-commands/152-led.md	inferred	13410	
603	06-operation-commands/152-led.md	inferred	13410	
604	06-operation-commands/153-line-ptp.md	exact	13528	
605	06-operation-commands/153-line-ptp.md	inferred	13528	
606	06-operation-commands/153-line-ptp.md	inferred	13528	
607	06-operation-commands/153-line-ptp.md	inferred	13528	
608	06-operation-commands/153-line-ptp.md	inferred	13528	
609	06-operation-commands/153-line-ptp.md	inferred	13528	
610	06-operation-commands/153-line-ptp.md	exact	13588	
611	06-operation-commands/154-links.md	exact	13626	
612	06-operation-commands/155-lldp.md	exact	13652	
613	06-operation-commands/156-lldp-local-info.md	exact	13697	
614	06-operation-commands/156-lldp-local-info.md	inferred	13697	
615	06-operation-commands/156-lldp-local-info.md	inferred	13697	
616	06-operation-commands/157-lldp-neighbor.md	exact	13751	
617	06-operation-commands/157-lldp-neighbor.md	inferred	13751	
618	06-operation-commands/157-lldp-neighbor.md	inferred	13751	
619	06-operation-commands/157-lldp-neighbor.md	inferred	13751	
620	06-operation-commands/158-lldp-port-statistics.md	exact	13817	
621	06-operation-commands/158-lldp-port-statistics.md	inferred	13817	
622	06-operation-commands/159-local-certificate.md	exact	13880	
623	06-operation-commands/159-local-certificate.md	inferred	13880	
624	06-operation-commands/159-local-certificate.md	inferred	13880	
625	06-operation-commands/159-local-certificate.md	inferred	13880	
626	06-operation-commands/159-local-certificate.md	inferred	13880	
627	06-operation-commands/160-local-ports.md	exact	13955	
628	06-operation-commands/160-local-ports.md	inferred	13955	
629	06-operation-commands/161-local-subnet.md	exact	14006	
630	06-operation-commands/161-local-subnet.md	inferred	14006	
631	06-operation-commands/162-lock.md	exact	14050	
632	06-operation-commands/162-lock.md	exact	14087	
633	06-operation-commands/163-log.md	exact	14097	
634	06-operation-commands/163-log.md	exact	14121	
635	06-operation-commands/163-log.md	inferred	14121	
636	06-operation-commands/163-log.md	exact	14184	
637	06-operation-commands/164-log-console.md	exact	14211	
638	06-operation-commands/164-log-console.md	inferred	14211	
639	06-operation-commands/165-log-console-facility-filter.md	exact	14257	
640	06-operation-commands/165-log-console-facility-filter.md	inferred	14257	
641	06-operation-commands/165-log-console-facility-filter.md	inferred	14257	
642	06-operation-commands/166-log-file.md	exact	14300	
643	06-operation-commands/166-log-file.md	inferred	14300	
644	06-operation-commands/166-log-file.md	inferred	14300	
645	06-operation-commands/166-log-file.md	exact	14361	
646	06-operation-commands/167-log-file-facility-filter.md	exact	14365	
647	06-operation-commands/167-log-file-facility-filter.md	inferred	14365	
648	06-operation-commands/167-log-file-facility-filter.md	inferred	14365	
649	06-operation-commands/168-log-server.md	exact	14418	
650	06-operation-commands/168-log-server.md	inferred	14418	
651	06-operation-commands/168-log-server.md	inferred	14418	
652	06-operation-commands/168-log-server.md	inferred	14418	
653	06-operation-commands/169-log-server-facility-filter.md	exact	14482	
654	06-operation-commands/169-log-server-facility-filter.md	inferred	14482	
655	06-operation-commands/169-log-server-facility-filter.md	inferred	14482	
656	06-operation-commands/170-l2-bridge.md	exact	14526	
657	06-operation-commands/171-macsec-entity.md	exact	14559	
658	06-operation-commands/171-macsec-entity.md	inferred	14559	
659	06-operation-commands/172-macsec-mka.md	exact	14622	
660	06-operation-commands/172-macsec-mka.md	inferred	14622	
661	06-operation-commands/173-mka-policy.md	exact	14679	
662	06-operation-commands/173-mka-policy.md	inferred	14679	
663	06-operation-commands/174-management-address.md	exact	14716	
664	06-operation-commands/174-management-address.md	inferred	14716	
665	06-operation-commands/175-management-address-local.md	exact	14752	
666	06-operation-commands/175-management-address-local.md	inferred	14752	
667	06-operation-commands/176-manifest.md	exact	14795	
668	06-operation-commands/176-manifest.md	inferred	14795	
669	06-operation-commands/177-manual-switchover.md	exact	14858	
670	06-operation-commands/177-manual-switchover.md	exact	14899	
671	06-operation-commands/178-mc.md	exact	14917	
672	06-operation-commands/178-mc.md	inferred	14917	
673	06-operation-commands/178-mc.md	inferred	14917	
674	06-operation-commands/178-mc.md	inferred	14917	
675	06-operation-commands/178-mc.md	inferred	14917	
676	06-operation-commands/179-mc-f.md	exact	14978	
677	06-operation-commands/179-mc-f.md	inferred	14978	
678	06-operation-commands/180-message.md	exact	15017	
679	06-operation-commands/180-message.md	inferred	15017	
680	06-operation-commands/181-modules-adg.md	exact	15062	
681	06-operation-commands/181-modules-adg.md	inferred	15062	
682	06-operation-commands/182-modules-degree.md	exact	15107	
683	06-operation-commands/182-modules-degree.md	inferred	15107	
684	06-operation-commands/183-monitored-channel.md	exact	15151	
685	06-operation-commands/183-monitored-channel.md	inferred	15151	
686	06-operation-commands/184-named-value-set.md	exact	15198	
687	06-operation-commands/185-nct-connection.md	exact	15233	
688	06-operation-commands/185-nct-connection.md	inferred	15233	
689	06-operation-commands/185-nct-connection.md	inferred	15233	
690	06-operation-commands/186-ne.md	exact	15282	
691	06-operation-commands/186-ne.md	inferred	15282	
692	06-operation-commands/186-ne.md	inferred	15282	
693	06-operation-commands/186-ne.md	inferred	15282	
694	06-operation-commands/186-ne.md	inferred	15282	
695	06-operation-commands/186-ne.md	inferred	15282	
696	06-operation-commands/186-ne.md	inferred	15282	
697	06-operation-commands/187-ne-function.md	exact	15354	
698	06-operation-commands/187-ne-function.md	inferred	15354	
699	06-operation-commands/188-netconf.md	exact	15407	
700	06-operation-commands/188-netconf.md	inferred	15407	
701	06-operation-commands/189-network-xconnect.md	exact	15456	
702	06-operation-commands/190-networking.md	exact	15490	
703	06-operation-commands/191-networking-services.md	exact	15535	
704	06-operation-commands/192-next-hop.md	exact	15569	
705	06-operation-commands/192-next-hop.md	exact	15606	
706	06-operation-commands/193-nmc.md	exact	15618	
707	06-operation-commands/193-nmc.md	exact	15649	
708	06-operation-commands/193-nmc.md	inferred	15649	
709	06-operation-commands/193-nmc.md	inferred	15649	
710	06-operation-commands/193-nmc.md	inferred	15649	
711	06-operation-commands/193-nmc.md	inferred	15649	
712	06-operation-commands/193-nmc.md	inferred	15649	
713	06-operation-commands/193-nmc.md	inferred	15649	
714	06-operation-commands/193-nmc.md	inferred	15649	
715	06-operation-commands/193-nmc.md	inferred	15649	
716	06-operation-commands/193-nmc.md	inferred	15649	
717	06-operation-commands/193-nmc.md	inferred	15649	
718	06-operation-commands/193-nmc.md	exact	15722	
719	06-operation-commands/194-nmc-f.md	exact	15730	
720	06-operation-commands/194-nmc-f.md	inferred	15730	
721	06-operation-commands/194-nmc-f.md	inferred	15730	
722	06-operation-commands/194-nmc-f.md	exact	15784	
723	06-operation-commands/195-ntp.md	exact	15790	
724	06-operation-commands/195-ntp.md	exact	15824	
725	06-operation-commands/196-ntp-key.md	exact	15834	
726	06-operation-commands/196-ntp-key.md	inferred	15834	
727	06-operation-commands/197-ntp-server.md	exact	15878	
728	06-operation-commands/197-ntp-server.md	inferred	15878	
729	06-operation-commands/197-ntp-server.md	inferred	15878	
730	06-operation-commands/198-ntp-server-status.md	exact	15927	
731	06-operation-commands/198-ntp-server-status.md	inferred	15927	
732	06-operation-commands/199-nw-xconnect.md	exact	15975	
733	06-operation-commands/199-nw-xconnect.md	inferred	15975	
734	06-operation-commands/199-nw-xconnect.md	inferred	15975	
735	06-operation-commands/199-nw-xconnect.md	exact	16029	
736	06-operation-commands/200-oadm-capabilities.md	exact	16055	
737	06-operation-commands/200-oadm-capabilities.md	inferred	16055	
738	06-operation-commands/201-oc.md	exact	16097	
739	06-operation-commands/201-oc.md	inferred	16097	
740	06-operation-commands/201-oc.md	inferred	16097	
741	06-operation-commands/201-oc.md	inferred	16097	
742	06-operation-commands/201-oc.md	exact	16160	
743	06-operation-commands/202-ochm.md	exact	16170	
744	06-operation-commands/202-ochm.md	inferred	16170	
745	06-operation-commands/202-ochm.md	inferred	16170	
746	06-operation-commands/202-ochm.md	inferred	16170	
747	06-operation-commands/202-ochm.md	exact	16217	
748	06-operation-commands/203-ocm-channel.md	exact	16233	
749	06-operation-commands/203-ocm-channel.md	inferred	16233	
750	06-operation-commands/204-ocm-mp.md	exact	16267	
751	06-operation-commands/204-ocm-mp.md	inferred	16267	
752	06-operation-commands/204-ocm-mp.md	inferred	16267	
753	06-operation-commands/204-ocm-mp.md	inferred	16267	
754	06-operation-commands/205-ocm-ptp.md	exact	16313	
755	06-operation-commands/205-ocm-ptp.md	inferred	16313	
756	06-operation-commands/205-ocm-ptp.md	inferred	16313	
757	06-operation-commands/205-ocm-ptp.md	inferred	16313	
758	06-operation-commands/206-ocsp-server.md	exact	16379	
759	06-operation-commands/206-ocsp-server.md	inferred	16379	
760	06-operation-commands/206-ocsp-server.md	exact	16427	
761	06-operation-commands/207-odu.md	exact	16436	
762	06-operation-commands/207-odu.md	exact	16464	
763	06-operation-commands/207-odu.md	inferred	16464	
764	06-operation-commands/207-odu.md	inferred	16464	
765	06-operation-commands/207-odu.md	inferred	16464	
766	06-operation-commands/207-odu.md	inferred	16464	
767	06-operation-commands/207-odu.md	inferred	16464	
768	06-operation-commands/207-odu.md	inferred	16464	
769	06-operation-commands/207-odu.md	inferred	16464	
770	06-operation-commands/207-odu.md	inferred	16464	
771	06-operation-commands/208-odu-diagnostics.md	exact	16579	
772	06-operation-commands/208-odu-diagnostics.md	exact	16613	
773	06-operation-commands/208-odu-diagnostics.md	inferred	16613	
774	06-operation-commands/208-odu-diagnostics.md	inferred	16613	
775	06-operation-commands/208-odu-diagnostics.md	inferred	16613	
776	06-operation-commands/208-odu-diagnostics.md	inferred	16613	
777	06-operation-commands/209-oms.md	exact	16657	
778	06-operation-commands/209-oms.md	inferred	16657	
779	06-operation-commands/209-oms.md	inferred	16657	
780	06-operation-commands/209-oms.md	inferred	16657	
781	06-operation-commands/209-oms.md	inferred	16657	
782	06-operation-commands/209-oms.md	inferred	16657	
783	06-operation-commands/209-oms.md	inferred	16657	
784	06-operation-commands/209-oms.md	inferred	16657	
785	06-operation-commands/209-oms.md	inferred	16657	
786	06-operation-commands/209-oms.md	inferred	16657	
787	06-operation-commands/209-oms.md	inferred	16657	
788	06-operation-commands/209-oms.md	inferred	16657	
789	06-operation-commands/209-oms.md	inferred	16657	
790	06-operation-commands/210-ops.md	exact	16739	
791	06-operation-commands/210-ops.md	inferred	16739	
792	06-operation-commands/210-ops.md	inferred	16739	
793	06-operation-commands/210-ops.md	inferred	16739	
794	06-operation-commands/210-ops.md	inferred	16739	
795	06-operation-commands/210-ops.md	inferred	16739	
796	06-operation-commands/211-optical-carrier.md	exact	16795	
797	06-operation-commands/211-optical-carrier.md	exact	16831	
798	06-operation-commands/211-optical-carrier.md	inferred	16831	
799	06-operation-commands/211-optical-carrier.md	inferred	16831	
800	06-operation-commands/211-optical-carrier.md	inferred	16831	
801	06-operation-commands/211-optical-carrier.md	inferred	16831	
802	06-operation-commands/211-optical-carrier.md	inferred	16831	
803	06-operation-commands/211-optical-carrier.md	inferred	16831	
804	06-operation-commands/211-optical-carrier.md	inferred	16831	
805	06-operation-commands/211-optical-carrier.md	inferred	16831	
806	06-operation-commands/211-optical-carrier.md	inferred	16831	
807	06-operation-commands/212-optical-channel.md	exact	16902	
808	06-operation-commands/212-optical-channel.md	inferred	16902	
809	06-operation-commands/212-optical-channel.md	inferred	16902	
810	06-operation-commands/213-optical-ptp.md	exact	16952	
811	06-operation-commands/213-optical-ptp.md	inferred	16952	
812	06-operation-commands/213-optical-ptp.md	inferred	16952	
813	06-operation-commands/213-optical-ptp.md	inferred	16952	
814	06-operation-commands/213-optical-ptp.md	inferred	16952	
815	06-operation-commands/213-optical-ptp.md	inferred	16952	
816	06-operation-commands/213-optical-ptp.md	inferred	16952	
817	06-operation-commands/213-optical-ptp.md	inferred	16952	
818	06-operation-commands/213-optical-ptp.md	inferred	16952	
819	06-operation-commands/213-optical-ptp.md	inferred	16952	
820	06-operation-commands/214-optical-switch.md	exact	17020	
821	06-operation-commands/214-optical-switch.md	exact	17052	
822	06-operation-commands/214-optical-switch.md	inferred	17052	
823	06-operation-commands/214-optical-switch.md	inferred	17052	
824	06-operation-commands/214-optical-switch.md	inferred	17052	
825	06-operation-commands/214-optical-switch.md	inferred	17052	
826	06-operation-commands/214-optical-switch.md	inferred	17052	
827	06-operation-commands/214-optical-switch.md	inferred	17052	
828	06-operation-commands/214-optical-switch.md	inferred	17052	
829	06-operation-commands/215-osc.md	exact	17104	
830	06-operation-commands/215-osc.md	inferred	17104	
831	06-operation-commands/215-osc.md	inferred	17104	
832	06-operation-commands/215-osc.md	inferred	17104	
833	06-operation-commands/215-osc.md	inferred	17104	
834	06-operation-commands/215-osc.md	inferred	17104	
835	06-operation-commands/215-osc.md	inferred	17104	
836	06-operation-commands/215-osc.md	exact	17163	
837	06-operation-commands/216-ospf.md	exact	17179	
838	06-operation-commands/216-ospf.md	exact	17219	
839	06-operation-commands/217-ospf-area.md	exact	17225	
840	06-operation-commands/217-ospf-area.md	exact	17261	
841	06-operation-commands/218-ospf-area-range.md	exact	17271	
842	06-operation-commands/218-ospf-area-range.md	inferred	17271	
843	06-operation-commands/218-ospf-area-range.md	exact	17324	
844	06-operation-commands/219-ospf-instance.md	exact	17331	
845	06-operation-commands/219-ospf-instance.md	inferred	17331	
846	06-operation-commands/220-ospf-interface.md	exact	17380	
847	06-operation-commands/220-ospf-interface.md	inferred	17380	
848	06-operation-commands/220-ospf-interface.md	inferred	17380	
849	06-operation-commands/221-ospf-neighbor.md	exact	17442	
850	06-operation-commands/221-ospf-neighbor.md	inferred	17442	
851	06-operation-commands/221-ospf-neighbor.md	inferred	17442	
852	06-operation-commands/222-ospfv3-ipsec-security-association.md	exact	17503	
853	06-operation-commands/222-ospfv3-ipsec-security-association.md	inferred	17503	
854	06-operation-commands/223-otdr.md	exact	17553	
855	06-operation-commands/223-otdr.md	exact	17588	
856	06-operation-commands/223-otdr.md	inferred	17588	
857	06-operation-commands/223-otdr.md	inferred	17588	
858	06-operation-commands/223-otdr.md	inferred	17588	
859	06-operation-commands/223-otdr.md	inferred	17588	
860	06-operation-commands/224-otdr-ptp.md	exact	17621	
861	06-operation-commands/224-otdr-ptp.md	exact	17652	
862	06-operation-commands/224-otdr-ptp.md	inferred	17652	
863	06-operation-commands/224-otdr-ptp.md	inferred	17652	
864	06-operation-commands/224-otdr-ptp.md	inferred	17652	
865	06-operation-commands/224-otdr-ptp.md	inferred	17652	
866	06-operation-commands/224-otdr-ptp.md	inferred	17652	
867	06-operation-commands/224-otdr-ptp.md	inferred	17652	
868	06-operation-commands/225-ots.md	exact	17697	
869	06-operation-commands/225-ots.md	exact	17731	
870	06-operation-commands/225-ots.md	inferred	17731	
871	06-operation-commands/225-ots.md	inferred	17731	
872	06-operation-commands/225-ots.md	inferred	17731	
873	06-operation-commands/225-ots.md	inferred	17731	
874	06-operation-commands/225-ots.md	inferred	17731	
875	06-operation-commands/225-ots.md	inferred	17731	
876	06-operation-commands/225-ots.md	inferred	17731	
877	06-operation-commands/225-ots.md	inferred	17731	
878	06-operation-commands/225-ots.md	inferred	17731	
879	06-operation-commands/225-ots.md	inferred	17731	
880	06-operation-commands/225-ots.md	inferred	17731	
881	06-operation-commands/225-ots.md	inferred	17731	
882	06-operation-commands/225-ots.md	exact	17782	
883	06-operation-commands/226-ots-diagnostics.md	exact	17793	
884	06-operation-commands/226-ots-diagnostics.md	inferred	17793	
885	06-operation-commands/226-ots-diagnostics.md	inferred	17793	
886	06-operation-commands/226-ots-diagnostics.md	exact	17833	
887	06-operation-commands/227-ots-r.md	exact	17856	
888	06-operation-commands/227-ots-r.md	inferred	17856	
889	06-operation-commands/227-ots-r.md	inferred	17856	
890	06-operation-commands/227-ots-r.md	inferred	17856	
891	06-operation-commands/227-ots-r.md	inferred	17856	
892	06-operation-commands/228-ots-r-auto-otdr.md	exact	17911	
893	06-operation-commands/228-ots-r-auto-otdr.md	inferred	17911	
894	06-operation-commands/228-ots-r-auto-otdr.md	inferred	17911	
895	06-operation-commands/228-ots-r-auto-otdr.md	inferred	17911	
896	06-operation-commands/229-otu.md	exact	17964	
897	06-operation-commands/229-otu.md	inferred	17964	
898	06-operation-commands/229-otu.md	inferred	17964	
899	06-operation-commands/229-otu.md	inferred	17964	
900	06-operation-commands/229-otu.md	inferred	17964	
901	06-operation-commands/229-otu.md	inferred	17964	
902	06-operation-commands/229-otu.md	inferred	17964	
903	06-operation-commands/229-otu.md	exact	18038	
904	06-operation-commands/230-otu-diagnostics.md	exact	18044	
905	06-operation-commands/230-otu-diagnostics.md	exact	18063	
906	06-operation-commands/230-otu-diagnostics.md	exact	18095	
907	06-operation-commands/230-otu-diagnostics.md	inferred	18095	
908	06-operation-commands/230-otu-diagnostics.md	inferred	18095	
909	06-operation-commands/230-otu-diagnostics.md	inferred	18095	
910	06-operation-commands/230-otu-diagnostics.md	inferred	18095	
911	06-operation-commands/230-otu-diagnostics.md	exact	18138	
912	06-operation-commands/231-oxcon.md	exact	18144	
913	06-operation-commands/231-oxcon.md	exact	18177	
914	06-operation-commands/231-oxcon.md	inferred	18177	
915	06-operation-commands/231-oxcon.md	inferred	18177	
916	06-operation-commands/231-oxcon.md	inferred	18177	
917	06-operation-commands/231-oxcon.md	inferred	18177	
918	06-operation-commands/231-oxcon.md	inferred	18177	
919	06-operation-commands/231-oxcon.md	inferred	18177	
920	06-operation-commands/231-oxcon.md	inferred	18177	
921	06-operation-commands/231-oxcon.md	inferred	18177	
922	06-operation-commands/232-packaged-fw.md	exact	18222	
923	06-operation-commands/232-packaged-fw.md	inferred	18222	
924	06-operation-commands/233-password.md	exact	18265	
925	06-operation-commands/233-password.md	exact	18294	
926	06-operation-commands/233-password.md	exact	18341	
927	06-operation-commands/234-peer-certificate.md	exact	18349	
928	06-operation-commands/234-peer-certificate.md	inferred	18349	
929	06-operation-commands/234-peer-certificate.md	inferred	18349	
930	06-operation-commands/234-peer-certificate.md	inferred	18349	
931	06-operation-commands/234-peer-certificate.md	inferred	18349	
932	06-operation-commands/235-ping.md	exact	18424	
933	06-operation-commands/235-ping.md	inferred	18424	
934	06-operation-commands/236-pm.md	exact	18486	
935	06-operation-commands/236-pm.md	exact	18509	
936	06-operation-commands/236-pm.md	inferred	18509	
937	06-operation-commands/236-pm.md	inferred	18509	
938	06-operation-commands/236-pm.md	exact	18568	
939	06-operation-commands/236-pm.md	inferred	18568	
940	06-operation-commands/236-pm.md	inferred	18568	
941	06-operation-commands/236-pm.md	inferred	18568	
942	06-operation-commands/237-pm-catalog.md	exact	18675	
943	06-operation-commands/238-pm-control.md	exact	18721	
944	06-operation-commands/239-pm-control-entry.md	exact	18761	
945	06-operation-commands/239-pm-control-entry.md	inferred	18761	
946	06-operation-commands/240-pm-parameter.md	exact	18798	
947	06-operation-commands/240-pm-parameter.md	inferred	18798	
948	06-operation-commands/240-pm-parameter.md	inferred	18798	
949	06-operation-commands/241-pm-profile.md	exact	18858	
950	06-operation-commands/241-pm-profile.md	inferred	18858	
951	06-operation-commands/242-pm-profile-entry.md	exact	18897	
952	06-operation-commands/242-pm-profile-entry.md	inferred	18897	
953	06-operation-commands/243-pm-resource.md	exact	18933	
954	06-operation-commands/243-pm-resource.md	exact	18968	
955	06-operation-commands/244-pm-threshold.md	exact	18984	
956	06-operation-commands/244-pm-threshold.md	inferred	18984	
957	06-operation-commands/245-pm-threshold-profile.md	exact	19023	
958	06-operation-commands/245-pm-threshold-profile.md	inferred	19023	
959	06-operation-commands/245-pm-threshold-profile.md	exact	19069	
960	06-operation-commands/246-port.md	exact	19075	
961	06-operation-commands/246-port.md	inferred	19075	
962	06-operation-commands/246-port.md	inferred	19075	
963	06-operation-commands/246-port.md	inferred	19075	
964	06-operation-commands/246-port.md	inferred	19075	
965	06-operation-commands/246-port.md	exact	19130	
966	06-operation-commands/247-prepare-upgrade.md	exact	19140	
967	06-operation-commands/247-prepare-upgrade.md	inferred	19140	
968	06-operation-commands/247-prepare-upgrade.md	inferred	19140	
969	06-operation-commands/247-prepare-upgrade.md	inferred	19140	
970	06-operation-commands/248-profile-control.md	exact	19230	
971	06-operation-commands/248-profile-control.md	exact	19252	
972	06-operation-commands/248-profile-control.md	inferred	19252	
973	06-operation-commands/248-profile-control.md	inferred	19252	
974	06-operation-commands/249-property.md	exact	19345	
975	06-operation-commands/249-property.md	inferred	19345	
976	06-operation-commands/250-protection.md	exact	19385	
977	06-operation-commands/251-protection-group.md	exact	19419	
978	06-operation-commands/251-protection-group.md	exact	19451	
979	06-operation-commands/251-protection-group.md	inferred	19451	
980	06-operation-commands/251-protection-group.md	inferred	19451	
981	06-operation-commands/251-protection-group.md	inferred	19451	
982	06-operation-commands/251-protection-group.md	inferred	19451	
983	06-operation-commands/251-protection-group.md	exact	19491	
984	06-operation-commands/252-protection-switch.md	exact	19497	
985	06-operation-commands/253-protection-unit.md	exact	19537	
986	06-operation-commands/253-protection-unit.md	inferred	19537	
987	06-operation-commands/254-protocols.md	exact	19583	
988	06-operation-commands/254-protocols.md	inferred	19583	
989	06-operation-commands/254-protocols.md	inferred	19583	
990	06-operation-commands/254-protocols.md	inferred	19583	
991	06-operation-commands/254-protocols.md	inferred	19583	
992	06-operation-commands/255-pump.md	exact	19724	
993	06-operation-commands/255-pump.md	inferred	19724	
994	06-operation-commands/256-pump-power.md	exact	19765	
995	06-operation-commands/256-pump-power.md	inferred	19765	
996	06-operation-commands/256-pump-power.md	inferred	19765	
997	06-operation-commands/257-raman-calibration.md	exact	19802	
998	06-operation-commands/257-raman-calibration.md	inferred	19802	
999	06-operation-commands/257-raman-calibration.md	inferred	19802	
1000	06-operation-commands/257-raman-calibration.md	inferred	19802	
1001	06-operation-commands/258-re-auth.md	exact	19855	
1002	06-operation-commands/259-re-key.md	exact	19899	
1003	06-operation-commands/259-re-key.md	exact	19941	
1004	06-operation-commands/260-recover-mode.md	exact	19947	
1005	06-operation-commands/261-recovery.md	exact	19991	
1006	06-operation-commands/261-recovery.md	inferred	19991	
1007	06-operation-commands/261-recovery.md	inferred	19991	
1008	06-operation-commands/261-recovery.md	exact	20030	
1009	06-operation-commands/262-remote-ports.md	exact	20056	
1010	06-operation-commands/262-remote-ports.md	inferred	20056	
1011	06-operation-commands/263-remote-subnet.md	exact	20102	
1012	06-operation-commands/263-remote-subnet.md	inferred	20102	
1013	06-operation-commands/264-resources.md	exact	20146	
1014	06-operation-commands/264-resources.md	inferred	20146	
1015	06-operation-commands/264-resources.md	exact	20189	
1016	06-operation-commands/265-restart.md	exact	20208	
1017	06-operation-commands/265-restart.md	exact	20238	
1018	06-operation-commands/265-restart.md	inferred	20238	
1019	06-operation-commands/265-restart.md	exact	20300	
1020	06-operation-commands/266-restconf.md	exact	20307	
1021	06-operation-commands/266-restconf.md	inferred	20307	
1022	06-operation-commands/267-rib.md	exact	20364	
1023	06-operation-commands/268-rollback.md	exact	20404	
1024	06-operation-commands/269-route.md	exact	20434	
1025	06-operation-commands/269-route.md	inferred	20434	
1026	06-operation-commands/270-routing.md	exact	20475	
1027	06-operation-commands/271-rsc.md	exact	20509	
1028	06-operation-commands/271-rsc.md	inferred	20509	
1029	06-operation-commands/271-rsc.md	inferred	20509	
1030	06-operation-commands/272-run.md	exact	20554	
1031	06-operation-commands/272-run.md	inferred	20554	
1032	06-operation-commands/273-sc-rx.md	exact	20612	
1033	06-operation-commands/273-sc-rx.md	inferred	20612	
1034	06-operation-commands/274-sc-tx.md	exact	20645	
1035	06-operation-commands/274-sc-tx.md	inferred	20645	
1036	06-operation-commands/275-scheduled-task.md	exact	20678	
1037	06-operation-commands/275-scheduled-task.md	inferred	20678	
1038	06-operation-commands/275-scheduled-task.md	inferred	20678	
1039	06-operation-commands/276-secure-application.md	exact	20735	
1040	06-operation-commands/276-secure-application.md	inferred	20735	
1041	06-operation-commands/276-secure-application.md	exact	20786	
1042	06-operation-commands/277-secure-entity.md	exact	20806	
1043	06-operation-commands/277-secure-entity.md	inferred	20806	
1044	06-operation-commands/277-secure-entity.md	exact	20854	
1045	06-operation-commands/278-secure-entity-sa-proposal.md	exact	20873	
1046	06-operation-commands/278-secure-entity-sa-proposal.md	inferred	20873	
1047	06-operation-commands/279-security.md	exact	20908	
1048	06-operation-commands/280-security-policies.md	exact	20938	
1049	06-operation-commands/280-security-policies.md	exact	20972	
1050	06-operation-commands/280-security-policies.md	inferred	20972	
1051	06-operation-commands/280-security-policies.md	inferred	20972	
1052	06-operation-commands/280-security-policies.md	inferred	20972	
1053	06-operation-commands/280-security-policies.md	inferred	20972	
1054	06-operation-commands/280-security-policies.md	inferred	20972	
1055	06-operation-commands/280-security-policies.md	inferred	20972	
1056	06-operation-commands/280-security-policies.md	inferred	20972	
1057	06-operation-commands/280-security-policies.md	inferred	20972	
1058	06-operation-commands/280-security-policies.md	inferred	20972	
1059	06-operation-commands/280-security-policies.md	inferred	20972	
1060	06-operation-commands/281-security-policy-database.md	exact	21033	
1061	06-operation-commands/281-security-policy-database.md	inferred	21033	
1062	06-operation-commands/282-serdes.md	exact	21076	
1063	06-operation-commands/282-serdes.md	inferred	21076	
1064	06-operation-commands/283-serdes-template.md	exact	21129	
1065	06-operation-commands/283-serdes-template.md	inferred	21129	
1066	06-operation-commands/284-serdes-template-entry.md	exact	21191	
1067	06-operation-commands/284-serdes-template-entry.md	exact	21226	
1068	06-operation-commands/285-serial-console.md	exact	21259	
1069	06-operation-commands/286-session.md	exact	21299	
1070	06-operation-commands/286-session.md	inferred	21299	
1071	06-operation-commands/286-session.md	exact	21345	
1072	06-operation-commands/287-set.md	exact	21355	
1073	06-operation-commands/287-set.md	exact	21382	
1074	06-operation-commands/287-set.md	exact	21420	
1075	06-operation-commands/287-set.md	inferred	21420	
1076	06-operation-commands/287-set.md	inferred	21420	
1077	06-operation-commands/287-set.md	inferred	21420	
1078	06-operation-commands/287-set.md	inferred	21420	
1079	06-operation-commands/287-set.md	inferred	21420	
1080	06-operation-commands/287-set.md	inferred	21420	
1081	06-operation-commands/287-set.md	exact	21556	
1082	06-operation-commands/287-set.md	exact	21581	
1083	06-operation-commands/287-set.md	exact	21606	
1084	06-operation-commands/287-set.md	exact	21672	
1085	06-operation-commands/288-set-alarm-state.md	exact	21678	
1086	06-operation-commands/288-set-alarm-state.md	inferred	21678	
1087	06-operation-commands/289-set-time.md	exact	21732	
1088	06-operation-commands/289-set-time.md	exact	21763	
1089	06-operation-commands/290-shell.md	exact	21785	
1090	06-operation-commands/290-shell.md	exact	21810	
1091	06-operation-commands/290-shell.md	exact	21850	
1092	06-operation-commands/291-show.md	exact	21876	
1093	06-operation-commands/291-show.md	exact	21901	
1094	06-operation-commands/291-show.md	inferred	21901	
1095	06-operation-commands/291-show.md	inferred	21901	
1096	06-operation-commands/291-show.md	inferred	21901	
1097	06-operation-commands/291-show.md	inferred	21901	
1098	06-operation-commands/291-show.md	inferred	21901	
1099	06-operation-commands/291-show.md	inferred	21901	
1100	06-operation-commands/291-show.md	inferred	21901	
1101	06-operation-commands/291-show.md	inferred	21901	
1102	06-operation-commands/291-show.md	inferred	21901	
1103	06-operation-commands/291-show.md	inferred	21901	
1104	06-operation-commands/291-show.md	inferred	21901	
1105	06-operation-commands/291-show.md	inferred	21901	
1106	06-operation-commands/291-show.md	inferred	21901	
1107	06-operation-commands/291-show.md	inferred	21901	
1108	06-operation-commands/291-show.md	inferred	21901	
1109	06-operation-commands/291-show.md	inferred	21901	
1110	06-operation-commands/291-show.md	inferred	21901	
1111	06-operation-commands/291-show.md	exact	22294	
1112	06-operation-commands/291-show.md	inferred	22294	
1113	06-operation-commands/291-show.md	inferred	22294	
1114	06-operation-commands/291-show.md	inferred	22294	
1115	06-operation-commands/291-show.md	inferred	22294	
1116	06-operation-commands/291-show.md	inferred	22294	
1117	06-operation-commands/291-show.md	inferred	22294	
1118	06-operation-commands/291-show.md	inferred	22294	
1119	06-operation-commands/291-show.md	inferred	22294	
1120	06-operation-commands/291-show.md	exact	22638	
1121	06-operation-commands/291-show.md	inferred	22638	
1122	06-operation-commands/291-show.md	inferred	22638	
1123	06-operation-commands/291-show.md	inferred	22638	
1124	06-operation-commands/291-show.md	inferred	22638	
1125	06-operation-commands/292-show-commit.md	exact	22754	
1126	06-operation-commands/292-show-commit.md	exact	22789	
1127	06-operation-commands/293-simulate.md	exact	22800	
1128	06-operation-commands/293-simulate.md	exact	22826	
1129	06-operation-commands/293-simulate.md	exact	22843	
1130	06-operation-commands/294-sleep.md	exact	22853	
1131	06-operation-commands/294-sleep.md	exact	22894	
1132	06-operation-commands/295-slot.md	exact	22906	
1133	06-operation-commands/295-slot.md	inferred	22906	
1134	06-operation-commands/295-slot.md	exact	22943	
1135	06-operation-commands/296-sndp.md	exact	22985	
1136	06-operation-commands/297-snmp.md	exact	23024	
1137	06-operation-commands/297-snmp.md	inferred	23024	
1138	06-operation-commands/298-snmp-community.md	exact	23074	
1139	06-operation-commands/298-snmp-community.md	inferred	23074	
1140	06-operation-commands/299-snmp-target.md	exact	23121	
1141	06-operation-commands/299-snmp-target.md	inferred	23121	
1142	06-operation-commands/299-snmp-target.md	exact	23164	
1143	06-operation-commands/300-snmpv3-user.md	exact	23175	
1144	06-operation-commands/300-snmpv3-user.md	inferred	23175	
1145	06-operation-commands/301-software-load.md	exact	23224	
1146	06-operation-commands/301-software-load.md	inferred	23224	
1147	06-operation-commands/301-software-load.md	inferred	23224	
1148	06-operation-commands/302-software-location.md	exact	23283	
1149	06-operation-commands/303-spectrum.md	exact	23321	
1150	06-operation-commands/303-spectrum.md	inferred	23321	
1151	06-operation-commands/303-spectrum.md	inferred	23321	
1152	06-operation-commands/303-spectrum.md	inferred	23321	
1153	06-operation-commands/304-spectrum-control.md	exact	23386	
1154	06-operation-commands/304-spectrum-control.md	inferred	23386	
1155	06-operation-commands/304-spectrum-control.md	exact	23433	
1156	06-operation-commands/305-spectrum-monitoring.md	exact	23447	
1157	06-operation-commands/305-spectrum-monitoring.md	inferred	23447	
1158	06-operation-commands/305-spectrum-monitoring.md	exact	23486	
1159	06-operation-commands/306-ssh.md	exact	23496	
1160	06-operation-commands/306-ssh.md	inferred	23496	
1161	06-operation-commands/307-ssh-authorized-key.md	exact	23544	
1162	06-operation-commands/307-ssh-authorized-key.md	inferred	23544	
1163	06-operation-commands/308-ssh-host-key.md	exact	23598	
1164	06-operation-commands/308-ssh-host-key.md	inferred	23598	
1165	06-operation-commands/309-ssh-keygen.md	exact	23646	
1166	06-operation-commands/309-ssh-keygen.md	exact	23672	
1167	06-operation-commands/309-ssh-keygen.md	exact	23684	
1168	06-operation-commands/310-ssh-known-host.md	exact	23712	
1169	06-operation-commands/310-ssh-known-host.md	inferred	23712	
1170	06-operation-commands/310-ssh-known-host.md	inferred	23712	
1171	06-operation-commands/311-statistics.md	exact	23764	
1172	06-operation-commands/311-statistics.md	exact	23799	
1173	06-operation-commands/312-status.md	exact	23821	
1174	06-operation-commands/312-status.md	exact	23843	
1175	06-operation-commands/312-status.md	exact	23858	
1176	06-operation-commands/312-status.md	exact	23874	
1177	06-operation-commands/312-status.md	exact	23890	
1178	06-operation-commands/312-status.md	inferred	23890	
1179	06-operation-commands/312-status.md	inferred	23890	
1180	06-operation-commands/312-status.md	inferred	23890	
1181	06-operation-commands/312-status.md	exact	23994	
1182	06-operation-commands/312-status.md	exact	24033	
1183	06-operation-commands/312-status.md	exact	24074	
1184	06-operation-commands/312-status.md	exact	24100	
1185	06-operation-commands/313-stm.md	exact	24106	
1186	06-operation-commands/313-stm.md	inferred	24106	
1187	06-operation-commands/313-stm.md	inferred	24106	
1188	06-operation-commands/314-sub-component.md	exact	24169	
1189	06-operation-commands/314-sub-component.md	exact	24202	
1190	06-operation-commands/315-submarine-link.md	exact	24217	
1191	06-operation-commands/315-submarine-link.md	exact	24250	
1192	06-operation-commands/315-submarine-link.md	inferred	24250	
1193	06-operation-commands/315-submarine-link.md	inferred	24250	
1194	06-operation-commands/315-submarine-link.md	inferred	24250	
1195	06-operation-commands/315-submarine-link.md	inferred	24250	
1196	06-operation-commands/316-subscription-path.md	exact	24351	
1197	06-operation-commands/316-subscription-path.md	inferred	24351	
1198	06-operation-commands/316-subscription-path.md	inferred	24351	
1199	06-operation-commands/317-subscriptions.md	exact	24390	
1200	06-operation-commands/318-subtype-constraint.md	exact	24416	
1201	06-operation-commands/318-subtype-constraint.md	inferred	24416	
1202	06-operation-commands/319-super-channel.md	exact	24452	
1203	06-operation-commands/319-super-channel.md	inferred	24452	
1204	06-operation-commands/319-super-channel.md	inferred	24452	
1205	06-operation-commands/319-super-channel.md	inferred	24452	
1206	06-operation-commands/320-super-channel-group.md	exact	24505	
1207	06-operation-commands/320-super-channel-group.md	exact	24538	
1208	06-operation-commands/320-super-channel-group.md	inferred	24538	
1209	06-operation-commands/320-super-channel-group.md	inferred	24538	
1210	06-operation-commands/321-supported-card.md	exact	24566	
1211	06-operation-commands/321-supported-card.md	inferred	24566	
1212	06-operation-commands/321-supported-card.md	inferred	24566	
1213	06-operation-commands/321-supported-card.md	inferred	24566	
1214	06-operation-commands/321-supported-card.md	inferred	24566	
1215	06-operation-commands/322-supported-carrier-mode.md	exact	24631	
1216	06-operation-commands/322-supported-carrier-mode.md	inferred	24631	
1217	06-operation-commands/323-supported-chassis.md	exact	24670	
1218	06-operation-commands/323-supported-chassis.md	inferred	24670	
1219	06-operation-commands/323-supported-chassis.md	inferred	24670	
1220	06-operation-commands/324-supported-gain-range.md	exact	24741	
1221	06-operation-commands/325-supported-port.md	exact	24774	
1222	06-operation-commands/325-supported-port.md	inferred	24774	
1223	06-operation-commands/325-supported-port.md	inferred	24774	
1224	06-operation-commands/325-supported-port.md	exact	24816	
1225	06-operation-commands/326-supported-power-profile.md	exact	24832	
1226	06-operation-commands/327-supported-slot.md	exact	24866	
1227	06-operation-commands/327-supported-slot.md	inferred	24866	
1228	06-operation-commands/327-supported-slot.md	inferred	24866	
1229	06-operation-commands/327-supported-slot.md	inferred	24866	
1230	06-operation-commands/327-supported-slot.md	inferred	24866	
1231	06-operation-commands/328-supported-tom.md	exact	24995	
1232	06-operation-commands/328-supported-tom.md	inferred	24995	
1233	06-operation-commands/329-supported-tom-power.md	exact	25046	
1234	06-operation-commands/329-supported-tom-power.md	inferred	25046	
1235	06-operation-commands/330-supporting-fiber-connection.md	exact	25080	
1236	06-operation-commands/331-supporting-interface.md	exact	25111	
1237	06-operation-commands/332-sw-component.md	exact	25142	
1238	06-operation-commands/332-sw-component.md	inferred	25142	
1239	06-operation-commands/333-sw-container.md	exact	25192	
1240	06-operation-commands/333-sw-container.md	inferred	25192	
1241	06-operation-commands/334-sw-control-rule.md	exact	25242	
1242	06-operation-commands/334-sw-control-rule.md	inferred	25242	
1243	06-operation-commands/335-sw-management.md	exact	25284	
1244	06-operation-commands/335-sw-management.md	exact	25322	
1245	06-operation-commands/335-sw-management.md	inferred	25322	
1246	06-operation-commands/336-sw-service.md	exact	25412	
1247	06-operation-commands/336-sw-service.md	inferred	25412	
1248	06-operation-commands/337-sw-subcomponent.md	exact	25466	
1249	06-operation-commands/337-sw-subcomponent.md	inferred	25466	
1250	06-operation-commands/338-swversion.md	exact	25517	
1251	06-operation-commands/338-swversion.md	inferred	25517	
1252	06-operation-commands/339-syslog.md	exact	25562	
1253	06-operation-commands/339-syslog.md	inferred	25562	
1254	06-operation-commands/339-syslog.md	exact	25617	
1255	06-operation-commands/339-syslog.md	inferred	25617	
1256	06-operation-commands/340-system.md	exact	25666	
1257	06-operation-commands/340-system.md	exact	25694	
1258	06-operation-commands/340-system.md	exact	25720	
1259	06-operation-commands/340-system.md	inferred	25720	
1260	06-operation-commands/341-system-policies.md	exact	25795	
1261	06-operation-commands/341-system-policies.md	inferred	25795	
1262	06-operation-commands/342-take-snapshot.md	exact	25835	
1263	06-operation-commands/342-take-snapshot.md	exact	25863	
1264	06-operation-commands/342-take-snapshot.md	inferred	25863	
1265	06-operation-commands/343-task.md	exact	25906	
1266	06-operation-commands/343-task.md	inferred	25906	
1267	06-operation-commands/343-task.md	inferred	25906	
1268	06-operation-commands/344-telemetry.md	exact	25967	
1269	06-operation-commands/345-template.md	exact	26006	
1270	06-operation-commands/345-template.md	inferred	26006	
1271	06-operation-commands/346-template-group.md	exact	26058	
1272	06-operation-commands/346-template-group.md	exact	26092	
1273	06-operation-commands/347-templates.md	exact	26102	
1274	06-operation-commands/348-terminate.md	exact	26136	
1275	06-operation-commands/348-terminate.md	exact	26144	
1276	06-operation-commands/348-terminate.md	inferred	26144	
1277	06-operation-commands/348-terminate.md	exact	26221	
1278	06-operation-commands/349-third-party-app.md	exact	26239	
1279	06-operation-commands/349-third-party-app.md	inferred	26239	
1280	06-operation-commands/350-third-party-fw.md	exact	26278	
1281	06-operation-commands/350-third-party-fw.md	inferred	26278	
1282	06-operation-commands/351-time.md	exact	26318	
1283	06-operation-commands/352-tom.md	exact	26358	
1284	06-operation-commands/352-tom.md	exact	26388	
1285	06-operation-commands/352-tom.md	inferred	26388	
1286	06-operation-commands/352-tom.md	inferred	26388	
1287	06-operation-commands/352-tom.md	inferred	26388	
1288	06-operation-commands/352-tom.md	inferred	26388	
1289	06-operation-commands/352-tom.md	inferred	26388	
1290	06-operation-commands/353-tom-type.md	exact	26422	
1291	06-operation-commands/353-tom-type.md	exact	26460	
1292	06-operation-commands/354-topology.md	exact	26466	
1293	06-operation-commands/354-topology.md	exact	26497	
1294	06-operation-commands/354-topology.md	exact	26514	
1295	06-operation-commands/355-traceroute.md	exact	26567	
1296	06-operation-commands/355-traceroute.md	inferred	26567	
1297	06-operation-commands/356-transfer.md	exact	26622	
1298	06-operation-commands/356-transfer.md	inferred	26622	
1299	06-operation-commands/357-transfer-status.md	exact	26662	
1300	06-operation-commands/357-transfer-status.md	inferred	26662	
1301	06-operation-commands/357-transfer-status.md	inferred	26662	
1302	06-operation-commands/357-transfer-status.md	exact	26728	
1303	06-operation-commands/358-trib-ptp.md	exact	26736	
1304	06-operation-commands/358-trib-ptp.md	inferred	26736	
1305	06-operation-commands/358-trib-ptp.md	inferred	26736	
1306	06-operation-commands/358-trib-ptp.md	inferred	26736	
1307	06-operation-commands/358-trib-ptp.md	inferred	26736	
1308	06-operation-commands/358-trib-ptp.md	inferred	26736	
1309	06-operation-commands/358-trib-ptp.md	inferred	26736	
1310	06-operation-commands/359-trusted-certificate.md	exact	26833	
1311	06-operation-commands/359-trusted-certificate.md	inferred	26833	
1312	06-operation-commands/359-trusted-certificate.md	inferred	26833	
1313	06-operation-commands/359-trusted-certificate.md	inferred	26833	
1314	06-operation-commands/360-unlock.md	exact	26899	
1315	06-operation-commands/361-unprovisioned-inventory.md	exact	26937	
1316	06-operation-commands/361-unprovisioned-inventory.md	inferred	26937	
1317	06-operation-commands/362-update.md	exact	26979	
1318	06-operation-commands/362-update.md	inferred	26979	
1319	06-operation-commands/363-upgrade-status.md	exact	27032	
1320	06-operation-commands/363-upgrade-status.md	inferred	27032	
1321	06-operation-commands/363-upgrade-status.md	inferred	27032	
1322	06-operation-commands/363-upgrade-status.md	inferred	27032	
1323	06-operation-commands/364-upload.md	exact	27069	
1324	06-operation-commands/364-upload.md	exact	27093	
1325	06-operation-commands/364-upload.md	exact	27119	
1326	06-operation-commands/364-upload.md	inferred	27119	
1327	06-operation-commands/364-upload.md	exact	27185	
1328	06-operation-commands/364-upload.md	exact	27207	
1329	06-operation-commands/364-upload.md	inferred	27207	
1330	06-operation-commands/364-upload.md	exact	27222	
1331	06-operation-commands/364-upload.md	exact	27273	
1332	06-operation-commands/365-uptime.md	exact	27285	
1333	06-operation-commands/366-usb.md	exact	27325	
1334	06-operation-commands/366-usb.md	inferred	27325	
1335	06-operation-commands/366-usb.md	inferred	27325	
1336	06-operation-commands/367-user.md	exact	27386	
1337	06-operation-commands/367-user.md	inferred	27386	
1338	06-operation-commands/367-user.md	inferred	27386	
1339	06-operation-commands/367-user.md	exact	27457	
1340	06-operation-commands/368-user-data.md	exact	27465	
1341	06-operation-commands/369-user-group.md	exact	27491	
1342	06-operation-commands/369-user-group.md	exact	27529	
1343	06-operation-commands/370-validate.md	exact	27561	
1344	06-operation-commands/370-validate.md	exact	27592	
1345	06-operation-commands/371-verify.md	exact	27602	
1346	06-operation-commands/371-verify.md	exact	27628	
1347	06-operation-commands/371-verify.md	inferred	27628	
1348	06-operation-commands/372-vrf.md	exact	27677	
1349	06-operation-commands/372-vrf.md	exact	27710	
1350	06-operation-commands/373-xcon.md	exact	27720	
1351	06-operation-commands/373-xcon.md	inferred	27720	
1352	06-operation-commands/373-xcon.md	inferred	27720	
1353	06-operation-commands/373-xcon.md	inferred	27720	
1354	06-operation-commands/373-xcon.md	inferred	27720	
1355	06-operation-commands/373-xcon.md	inferred	27720	
1356	06-operation-commands/374-ztp.md	exact	27789	
1357	06-operation-commands/374-ztp.md	inferred	27789	
1358	99-acronyms/99-acronyms.md	exact	27830	
