kind	number	caption	file	page	source_line
Figure	1	YANG Model Hierarchy Diagram	01-introduction/01-introduction.md	45	1480
Figure	2	1830 GX G31 Chassis, components and interfaces	01-introduction/01-introduction.md	46	1507
Figure	3	1830 GX G32 Chassis, components and interfaces	01-introduction/01-introduction.md	46	1533
Figure	4	1830 GX G34c Chassis, components and interfaces	01-introduction/01-introduction.md	46	1559
Figure	5	1830 GX G31 chassis - Location of the Eth1 port	02-using-the-cli/02-using-the-cli.md	64	1900
Figure	6	1830 GX G32 chassis - Location of the Eth1 port	02-using-the-cli/02-using-the-cli.md	64	1904
Figure	8	Showing Spectrum Power	06-operation-commands/312-status.md	1184	24102
Table	1	Structure of the document	00-front-matter/04-about-this-document.md	36	1403
Table	2	List of Symbols and Conventions	00-front-matter/04-about-this-document.md	36	1420
Table	3	History of changes	00-front-matter/04-about-this-document.md	36	1440
Table	4	YANG object representation in CLI	01-introduction/01-introduction.md	46	1493
Table	5	1830 GX G31 Equipment AID Formats	01-introduction/01-introduction.md	46	1513
Table	6	1830 GX G32 Equipment AID Formats	01-introduction/01-introduction.md	46	1539
Table	7	1830 GX G34c Equipment AID Formats	01-introduction/01-introduction.md	46	1565
Table	8	1830 GX G42 Equipment Entity ID Formats	01-introduction/01-introduction.md	52	1588
Table	9	1830 GX G42 Termination Point Entity ID Formats	01-introduction/01-introduction.md	52	1608
Table	10	1830 GX G31/1830 GX G32 Chassis MO relationship	01-introduction/01-introduction.md	52	1643
Table	11	1830 GX G34c Chassis MO relationship	01-introduction/01-introduction.md	52	1660
Table	12	1830 GX G31/1830 GX G32 chassis Field Replaceable Units (FRUs) provisioning behavior	01-introduction/01-introduction.md	56	1674
Table	13	1830 GX G34c chassis Field Replaceable Units (FRUs) provisioning behavior	01-introduction/01-introduction.md	56	1689
Table	14	Built-in Data Types	01-introduction/01-introduction.md	56	1705
Table	15	Accessing and Exiting Command Modes	01-introduction/01-introduction.md	56	1726
Table	16	CLI configuration attributes	02-using-the-cli/02-using-the-cli.md	67	2021
Table	17	CLI Command Line Cursor Movement	02-using-the-cli/02-using-the-cli.md	68	2041
Table	18	Standard keyboard operations	02-using-the-cli/02-using-the-cli.md	68	2053
Table	19	CLI Input Command Format	02-using-the-cli/02-using-the-cli.md	71	2103
Table	20	CLI Syntax Conventions and Notations	02-using-the-cli/02-using-the-cli.md	72	2123
Table	21	CLI Command Line Shortcuts	02-using-the-cli/02-using-the-cli.md	72	2138
Table	22	Characters usage in strings	02-using-the-cli/02-using-the-cli.md	73	2173
Table	23	Visualization types	02-using-the-cli/02-using-the-cli.md	76	2251
Table	24	Help Information Types	02-using-the-cli/02-using-the-cli.md	76	2283
Table	25	Help command - Types of Information	02-using-the-cli/02-using-the-cli.md	82	2566
Table	26	CLI wilcard usage	02-using-the-cli/02-using-the-cli.md	84	2610
Table	27	Object Filtering	02-using-the-cli/02-using-the-cli.md	85	2627
Table	28	CLI help and auxiliary commands	02-using-the-cli/02-using-the-cli.md	85	2647
Table	29	CLI navigation and display commands	02-using-the-cli/02-using-the-cli.md	86	2666
Table	30	CLI piped commands	02-using-the-cli/02-using-the-cli.md	86	2689
Table	31	CLI operation commands	02-using-the-cli/02-using-the-cli.md	87	2722
Table	32	Default User Groups	02-using-the-cli/02-using-the-cli.md	89	2816
Table	33	Data Model Configuration Access	02-using-the-cli/02-using-the-cli.md	90	2838
Table	34	CLI Command Execution Access	02-using-the-cli/02-using-the-cli.md	90	2915
Table	35	Help additional commands	03-auxiliary-and-help-commands/03-auxiliary-and-help-commands.md	95	2995
Table	36	Help additional commands	03-auxiliary-and-help-commands/03-auxiliary-and-help-commands.md	95	3011
Table	37	alias Command Usage	04-navigation-and-display-commands/04-navigation-and-display-commands.md	98	3069
Table	38	alias command parameters	04-navigation-and-display-commands/04-navigation-and-display-commands.md	98	3077
Table	39	edit Command Usage	04-navigation-and-display-commands/04-navigation-and-display-commands.md	99	3134
Table	40	edit command parameters	04-navigation-and-display-commands/04-navigation-and-display-commands.md	100	3145
Table	41	history Command Usage	04-navigation-and-display-commands/04-navigation-and-display-commands.md	101	3190
Table	42	history command parameters	04-navigation-and-display-commands/04-navigation-and-display-commands.md	101	3198
Table	43	top Command Usage	04-navigation-and-display-commands/04-navigation-and-display-commands.md	102	3228
Table	44	top command Flags	04-navigation-and-display-commands/04-navigation-and-display-commands.md	102	3237
Table	45	tree Command Usage	04-navigation-and-display-commands/04-navigation-and-display-commands.md	104	3286
Table	46	tree command parameters	04-navigation-and-display-commands/04-navigation-and-display-commands.md	105	3296
Table	47	unalias Command Usage	04-navigation-and-display-commands/04-navigation-and-display-commands.md	108	3431
Table	48	unalias command parameters	04-navigation-and-display-commands/04-navigation-and-display-commands.md	108	3439
Table	49	up Command Usage	04-navigation-and-display-commands/04-navigation-and-display-commands.md	110	3492
Table	50	up command parameters	04-navigation-and-display-commands/04-navigation-and-display-commands.md	111	3503
Table	51	begin command parameters	05-piped-commands/05-piped-commands.md	112	3561
Table	52	display command parameters	05-piped-commands/05-piped-commands.md	113	3593
Table	53	exclude command parameters	05-piped-commands/05-piped-commands.md	115	3664
Table	54	grep command parameters	05-piped-commands/05-piped-commands.md	118	3724
Table	55	highlight command parameters	05-piped-commands/05-piped-commands.md	119	3764
Table	56	include command parameters	05-piped-commands/05-piped-commands.md	121	3825
Table	57	linenum command parameters	05-piped-commands/05-piped-commands.md	122	3864
Table	58	more command parameters	05-piped-commands/05-piped-commands.md	123	3899
Table	59	sort command parameters	05-piped-commands/05-piped-commands.md	124	3942
Table	60	until command parameters	05-piped-commands/05-piped-commands.md	125	3994
Table	61	aaa-server Command Usage	06-operation-commands/001-aaa-server.md	128	4045
Table	62	aaa-server Command Parameters	06-operation-commands/001-aaa-server.md	128	4053
Table	63	aaa-statistics Command Usage	06-operation-commands/002-aaa-statistics.md	130	4099
Table	64	aaa-statistics Command Parameters	06-operation-commands/002-aaa-statistics.md	130	4107
Table	65	access-control-list Command Usage	06-operation-commands/003-access-control-list.md	133	4145
Table	66	access-rule Command Usage	06-operation-commands/004-access-rule.md	134	4181
Table	67	access-rule Command Parameters	06-operation-commands/004-access-rule.md	134	4189
Table	68	access-rule-list Command Usage	06-operation-commands/005-access-rule-list.md	139	4243
Table	69	access-rule-list Command Parameters	06-operation-commands/005-access-rule-list.md	139	4251
Table	70	ace Command Usage	06-operation-commands/006-ace.md	142	4306
Table	71	ace Command Parameters	06-operation-commands/006-ace.md	142	4315
Table	72	acl Command Usage	06-operation-commands/007-acl.md	144	4362
Table	73	acl Command Parameters	06-operation-commands/007-acl.md	144	4370
Table	74	activate Command Usage	06-operation-commands/008-activate.md	149	4470
Table	75	activate activate-file Command Flags	06-operation-commands/008-activate.md	150	4480
Table	76	activate command parameters	06-operation-commands/008-activate.md	150	4486
Table	77	activate activate-file Command Parameters	06-operation-commands/008-activate.md	151	4503
Table	78	activate swimage command parameters	06-operation-commands/008-activate.md	151	4520
Table	79	activate database command parameters	06-operation-commands/008-activate.md	151	4530
Table	80	activate location-led command parameters	06-operation-commands/008-activate.md	151	4542
Table	81	activate eqpt-fw command parameters	06-operation-commands/008-activate.md	151	4550
Table	82	activate otdr command parameters	06-operation-commands/008-activate.md	151	4557
Table	83	activate otdr-fiber-check command parameters	06-operation-commands/008-activate.md	151	4564
Table	84	activate loopback command parameters	06-operation-commands/008-activate.md	151	4571
Table	85	activate-snapshot command usage	06-operation-commands/009-activate-snapshot.md	161	4659
Table	86	activate-snapshot Command Parameters	06-operation-commands/009-activate-snapshot.md	161	4669
Table	87	add Command Usage	06-operation-commands/010-add.md	163	4712
Table	88	add Command Flags	06-operation-commands/010-add.md	164	4722
Table	89	add Command Parameters	06-operation-commands/010-add.md	164	4731
Table	90	add Command Entities	06-operation-commands/010-add.md	164	4741
Table	91	additional-key-exchange Command Usage	06-operation-commands/011-additional-key-exchange.md	171	4861
Table	92	additional-key-exchange Command Parameters	06-operation-commands/011-additional-key-exchange.md	171	4869
Table	93	adg Command Usage	06-operation-commands/012-adg.md	173	4911
Table	94	adg Command Parameters	06-operation-commands/012-adg.md	173	4919
Table	95	advanced-parameter Command Usage	06-operation-commands/013-advanced-parameter.md	175	4960
Table	96	advanced-parameter Command Parameters	06-operation-commands/013-advanced-parameter.md	176	4970
Table	97	alarm Command Usage	06-operation-commands/014-alarm.md	178	5051
Table	98	alarm Command Flags	06-operation-commands/014-alarm.md	178	5059
Table	99	alarm Command Parameters	06-operation-commands/014-alarm.md	178	5065
Table	100	alarm-control Command Usage	06-operation-commands/015-alarm-control.md	182	5116
Table	101	alarm-control Command Parameters	06-operation-commands/015-alarm-control.md	182	5124
Table	102	alarm-inventory Command Usage	06-operation-commands/016-alarm-inventory.md	184	5168
Table	103	alarm-inventory Command Parameters	06-operation-commands/016-alarm-inventory.md	184	5176
Table	104	alarm-severity-entry Command Usage	06-operation-commands/017-alarm-severity-entry.md	186	5214
Table	105	alarm-severity-entry Command Parameters	06-operation-commands/017-alarm-severity-entry.md	186	5222
Table	106	alarm-severity-profile Command Usage	06-operation-commands/018-alarm-severity-profile.md	189	5280
Table	107	alarm-severity-profile Command Parameters	06-operation-commands/018-alarm-severity-profile.md	189	5288
Table	108	amplifier Command Usage	06-operation-commands/019-amplifier.md	191	5332
Table	109	amplifier Command Parameters	06-operation-commands/019-amplifier.md	192	5342
Table	110	amplifier-raman Command Usage	06-operation-commands/020-amplifier-raman.md	205	5434
Table	111	amplifier-raman Command Parameters	06-operation-commands/020-amplifier-raman.md	205	5442
Table	112	app Command Usage	06-operation-commands/021-app.md	213	5485
Table	113	app Command Flags	06-operation-commands/021-app.md	213	5493
Table	114	app Command Parameters	06-operation-commands/021-app.md	213	5499
Table	115	appctl Command Usage	06-operation-commands/022-appctl.md	214	5521
Table	116	appctl Command Parameters	06-operation-commands/022-appctl.md	214	5529
Table	117	apply-template Command Usage	06-operation-commands/023-apply-template.md	216	5554
Table	118	apply-template Command Parameters	06-operation-commands/023-apply-template.md	216	5562
Table	119	ase-idler-service Command Usage	06-operation-commands/024-ase-idler-service.md	218	5611
Table	120	ase-idler-service Command Parameters	06-operation-commands/024-ase-idler-service.md	218	5619
Table	121	ase-idler-source Command Usage	06-operation-commands/025-ase-idler-source.md	222	5660
Table	122	ase-idler-source Command Parameters	06-operation-commands/025-ase-idler-source.md	222	5668
Table	123	auth-key Command Usage	06-operation-commands/026-auth-key.md	226	5714
Table	124	auth-key Command Parameters	06-operation-commands/026-auth-key.md	226	5722
Table	125	authorization Command Usage	06-operation-commands/027-authorization.md	228	5758
Table	126	authorization Command Parameters	06-operation-commands/027-authorization.md	228	5766
Table	127	bert Command Usage	06-operation-commands/028-bert.md	232	5817
Table	128	bert Command Parameters	06-operation-commands/028-bert.md	232	5825
Table	129	bgp-instance Command Usage	06-operation-commands/029-bgp-instance.md	236	5905
Table	130	bgp-instance Command Parameters	06-operation-commands/029-bgp-instance.md	236	5913
Table	131	bgp-neighbor Command Usage	06-operation-commands/030-bgp-neighbor.md	238	5954
Table	132	bgp-neighbor Command Parameters	06-operation-commands/030-bgp-neighbor.md	238	5962
Table	133	bgp-network Command Usage	06-operation-commands/031-bgp-network.md	242	6016
Table	134	bgp-network Command Parameters	06-operation-commands/031-bgp-network.md	243	6026
Table	135	bootstrap Command Usage	06-operation-commands/032-bootstrap.md	244	6058
Table	136	bootstrap Command Parameters	06-operation-commands/032-bootstrap.md	244	6066
Table	137	cable-id Command Usage	06-operation-commands/033-cable-id.md	246	6092
Table	138	cable-id-path Command Usage	06-operation-commands/034-cable-id-path.md	247	6135
Table	139	cable-id-path Command Flags	06-operation-commands/034-cable-id-path.md	247	6143
Table	140	cable-id-path Command Parameters	06-operation-commands/034-cable-id-path.md	248	6151
Table	141	cable-id-status Command Usage	06-operation-commands/035-cable-id-status.md	257	6242
Table	142	cable-id-status Command Parameters	06-operation-commands/035-cable-id-status.md	257	6250
Table	143	calibrate Command Usage	06-operation-commands/036-calibrate.md	259	6289
Table	144	calibrate Command Parameters	06-operation-commands/036-calibrate.md	259	6297
Table	145	call-home Command Usage	06-operation-commands/037-call-home.md	261	6335
Table	146	call-home Command Flags	06-operation-commands/037-call-home.md	261	6344
Table	147	call-home Command Parameters	06-operation-commands/037-call-home.md	261	6350
Table	148	cancel-upgrade Command Usage	06-operation-commands/038-cancel-upgrade.md	263	6394
Table	149	cancel-upgrade Command Flags	06-operation-commands/038-cancel-upgrade.md	263	6403
Table	150	capabilities Command Usage	06-operation-commands/039-capabilities.md	264	6433
Table	151	capabilities Command Parameters	06-operation-commands/039-capabilities.md	264	6441
Table	152	card Command Usage	06-operation-commands/040-card.md	265	6470
Table	153	card Command Parameters	06-operation-commands/040-card.md	266	6480
Table	154	carrier-neighbor Command Usage	06-operation-commands/041-carrier-neighbor.md	277	6565
Table	155	carrier-neighbor Command Parameters	06-operation-commands/041-carrier-neighbor.md	277	6573
Table	156	cdp command usage	06-operation-commands/042-cdp.md	279	6609
Table	157	cdp command parameters	06-operation-commands/042-cdp.md	279	6618
Table	158	cert-gen Command Usage	06-operation-commands/043-cert-gen.md	282	6647
Table	159	cert-gen Command Flags	06-operation-commands/043-cert-gen.md	282	6655
Table	160	cert-gen Command Parameters	06-operation-commands/043-cert-gen.md	282	6661
Table	161	cert-to-name Command Usage	06-operation-commands/044-cert-to-name.md	284	6701
Table	162	cert-to-name Command Parameters	06-operation-commands/044-cert-to-name.md	284	6709
Table	163	certificate Command Usage	06-operation-commands/045-certificate.md	287	6755
Table	164	certificate Command Parameters	06-operation-commands/045-certificate.md	287	6763
Table	165	change-ztp-mode Command Usage	06-operation-commands/046-change-ztp-mode.md	289	6820
Table	166	change-ztp-mode Command Flags	06-operation-commands/046-change-ztp-mode.md	289	6828
Table	167	change-ztp-mode Command Parameters	06-operation-commands/046-change-ztp-mode.md	289	6834
Table	168	chassis Command Usage	06-operation-commands/047-chassis.md	292	6886
Table	169	chassis Command Parameters	06-operation-commands/047-chassis.md	292	6894
Table	170	cid-ptp Command Usage	06-operation-commands/048-cid-ptp.md	302	6978
Table	171	cid-ptp Command Parameters	06-operation-commands/048-cid-ptp.md	302	6986
Table	172	clear Command Usage	06-operation-commands/049-clear.md	307	7085
Table	173	clear Command Flags	06-operation-commands/049-clear.md	307	7093
Table	174	clear Command Parameters	06-operation-commands/049-clear.md	307	7100
Table	175	cli Command Usage	06-operation-commands/050-cli.md	310	7136
Table	176	cli Command Parameters	06-operation-commands/050-cli.md	310	7144
Table	177	cli-session-config Command Usage	06-operation-commands/051-cli-session-config.md	313	7211
Table	178	cli-session-config Command Parameters	06-operation-commands/051-cli-session-config.md	313	7219
Table	179	clock Command Usage	06-operation-commands/052-clock.md	315	7256
Table	180	clock Command Parameters	06-operation-commands/052-clock.md	315	7264
Table	181	comm-channel Command Usage	06-operation-commands/053-comm-channel.md	320	7311
Table	182	comm-channel Command Flags	06-operation-commands/053-comm-channel.md	321	7321
Table	183	comm-channel Command Parameters	06-operation-commands/053-comm-channel.md	321	7327
Table	184	comm-eth Command Usage	06-operation-commands/054-comm-eth.md	327	7402
Table	185	comm-eth Command Parameters	06-operation-commands/054-comm-eth.md	327	7410
Table	186	commit Command Usage	06-operation-commands/055-commit.md	332	7511
Table	187	commit Command Flags	06-operation-commands/055-commit.md	333	7521
Table	188	commit Command Parameters	06-operation-commands/055-commit.md	333	7527
Table	189	commit confirmed Command Parameters	06-operation-commands/055-commit.md	333	7535
Table	190	config Command Parameters	06-operation-commands/056-config.md	334	7574
Table	191	configure Command Usage	06-operation-commands/057-configure.md	335	7607
Table	192	configure Command Parameters	06-operation-commands/057-configure.md	336	7617
Table	193	connect Command Usage	06-operation-commands/058-connect.md	337	7650
Table	194	connect Command Parameters	06-operation-commands/058-connect.md	337	7658
Table	195	connection-ports Command Usage	06-operation-commands/059-connection-ports.md	339	7694
Table	196	connection-ports Command Parameters	06-operation-commands/059-connection-ports.md	339	7702
Table	197	console Command Usage	06-operation-commands/060-console.md	341	7764
Table	198	console Command Flags	06-operation-commands/060-console.md	341	7772
Table	199	console Command Parameters	06-operation-commands/060-console.md	341	7780
Table	200	controller-card Command Usage	06-operation-commands/061-controller-card.md	344	7828
Table	201	controller-card Command Parameters	06-operation-commands/061-controller-card.md	344	7836
Table	202	convert Command Usage	06-operation-commands/062-convert.md	347	7905
Table	203	convert Command Flags	06-operation-commands/062-convert.md	347	7913
Table	204	convert Command Parameters	06-operation-commands/062-convert.md	347	7919
Table	205	crl Command Usage	06-operation-commands/063-crl.md	349	7990
Table	206	crl command parameters	06-operation-commands/063-crl.md	349	7998
Table	207	csr-gen Command Usage	06-operation-commands/064-csr-gen.md	352	8051
Table	208	csr-gen Command Parameters	06-operation-commands/064-csr-gen.md	352	8059
Table	209	current-advanced-parameter Command Usage	06-operation-commands/065-current-advanced-parameter.md	359	8119
Table	210	current-advanced-parameter Command Parameters	06-operation-commands/065-current-advanced-parameter.md	359	8127
Table	211	current-alarms Command Usage	06-operation-commands/066-current-alarms.md	361	8192
Table	212	current-alarms Command Parameters	06-operation-commands/066-current-alarms.md	361	8200
Table	213	current-fw Command Usage	06-operation-commands/067-current-fw.md	362	8234
Table	214	current-fw Command Parameters	06-operation-commands/067-current-fw.md	362	8242
Table	215	current-subscription Command Usage	06-operation-commands/068-current-subscription.md	364	8299
Table	216	current-subscription Command Parameters	06-operation-commands/068-current-subscription.md	364	8307
Table	217	custom-tlv Command Usage	06-operation-commands/069-custom-tlv.md	366	8337
Table	218	custom-tlv Command Parameters	06-operation-commands/069-custom-tlv.md	366	8345
Table	219	data-model Command Usage	06-operation-commands/070-data-model.md	367	8371
Table	220	data-model Command Parameters	06-operation-commands/070-data-model.md	367	8379
Table	221	data-path-encryption Command Usage	06-operation-commands/071-data-path-encryption.md	368	8411
Table	222	database Command Usage	06-operation-commands/072-database.md	369	8451
Table	223	database Command Flags	06-operation-commands/072-database.md	370	8461
Table	224	database Command Parameters	06-operation-commands/072-database.md	370	8467
Table	225	db-migrate Command Usage	06-operation-commands/073-db-migrate.md	374	8543
Table	226	db-migrate Command Flags	06-operation-commands/073-db-migrate.md	374	8551
Table	227	db-migrate Command Parameters	06-operation-commands/073-db-migrate.md	374	8557
Table	228	db-protection-scheme Command Usage	06-operation-commands/074-db-protection-scheme.md	376	8589
Table	229	db-protection-scheme Command Parameters	06-operation-commands/074-db-protection-scheme.md	376	8597
Table	230	default Command Usage	06-operation-commands/075-default.md	378	8639
Table	231	default Command Flags	06-operation-commands/075-default.md	378	8647
Table	232	default Command Parameters	06-operation-commands/075-default.md	379	8656
Table	233	degree Command Usage	06-operation-commands/076-degree.md	380	8720
Table	234	degree Command Parameters	06-operation-commands/076-degree.md	380	8728
Table	235	delete Command Flags	06-operation-commands/077-delete.md	384	8785
Table	236	delete Command Parameters	06-operation-commands/077-delete.md	384	8794
Table	237	delete Command Entities	06-operation-commands/077-delete.md	385	8805
Table	238	dhcp Command Usage	06-operation-commands/078-dhcp-relay.md	391	8973
Table	239	dhcp-relay Command Parameters	06-operation-commands/078-dhcp-relay.md	391	8981
Table	240	dial-out-server Command Usage	06-operation-commands/079-dial-out-server.md	393	9032
Table	241	dial-out-server Command Parameters	06-operation-commands/079-dial-out-server.md	393	9040
Table	242	diff Command Usage	06-operation-commands/080-diff.md	397	9121
Table	243	diff Command Parameters	06-operation-commands/080-diff.md	398	9131
Table	244	diff commit Command Parameters	06-operation-commands/080-diff.md	398	9139
Table	245	Command Usage	06-operation-commands/081-direction.md	399	9182
Table	246	Command Flags	06-operation-commands/081-direction.md	400	9192
Table	247	Command Parameters	06-operation-commands/081-direction.md	400	9198
Table	248	discard-changes Command Usage	06-operation-commands/082-discard-changes.md	402	9256
Table	249	display-cert Command Usage	06-operation-commands/083-display-cert.md	403	9290
Table	250	display-cert Command Parameters	06-operation-commands/083-display-cert.md	403	9298
Table	251	dns Command Usage	06-operation-commands/084-dns.md	407	9418
Table	252	dns Command Parameters	06-operation-commands/084-dns.md	407	9426
Table	253	dns-server Command Usage	06-operation-commands/085-dns-server.md	409	9467
Table	254	dns-server Command Parameters	06-operation-commands/085-dns-server.md	409	9475
Table	255	Additional Parameters per filetype parameter	06-operation-commands/086-download.md	414	9563
Table	256	download Command Usage	06-operation-commands/086-download.md	415	9586
Table	257	download Command Flags	06-operation-commands/086-download.md	415	9594
Table	258	download Command Parameters	06-operation-commands/086-download.md	415	9605
Table	259	downloaded-image Command Usage	06-operation-commands/087-downloaded-image.md	425	9835
Table	260	downloaded-image Command Parameters	06-operation-commands/087-downloaded-image.md	425	9843
Table	261	downloads Command Usage	06-operation-commands/088-downloads.md	426	9875
Table	262	dsc Command Usage	06-operation-commands/089-dsc.md	427	9905
Table	263	dsc Command Parameters	06-operation-commands/089-dsc.md	427	9913
Table	264	dsc-group Command Usage	06-operation-commands/090-dsc-group.md	431	9963
Table	265	dsc-group Command Parameters	06-operation-commands/090-dsc-group.md	432	9973
Table	266	encryption-algorithm Command Usage	06-operation-commands/091-encryption-algorithm.md	437	10034
Table	267	encryption-algorithm Command Parameters	06-operation-commands/091-encryption-algorithm.md	437	10042
Table	268	equipment Command Usage	06-operation-commands/092-equipment.md	439	10077
Table	269	equipment Command Parameters	06-operation-commands/092-equipment.md	439	10085
Table	270	equipment-policies Command Usage	06-operation-commands/093-equipment-policies.md	441	10147
Table	271	equipment-policies Command Parameters	06-operation-commands/093-equipment-policies.md	441	10155
Table	272	equipment-templates Command Usage	06-operation-commands/094-equipment-templates.md	444	10205
Table	273	equipment-templates Command Parameters	06-operation-commands/094-equipment-templates.md	444	10213
Table	274	est Command Usage	06-operation-commands/095-est.md	446	10259
Table	275	est Command Parameters	06-operation-commands/095-est.md	446	10267
Table	276	est-ca Command Usage	06-operation-commands/096-est-ca.md	450	10312
Table	277	est-ca Command Parameters	06-operation-commands/096-est-ca.md	450	10320
Table	278	est-server Command Usage	06-operation-commands/097-est-server.md	452	10356
Table	279	est-server Command Parameters	06-operation-commands/097-est-server.md	452	10364
Table	280	eth-zr Command Usage	06-operation-commands/098-eth-zr.md	454	10410
Table	281	eth-zr Command Parameters	06-operation-commands/098-eth-zr.md	455	10420
Table	282	ethernet Command Usage	06-operation-commands/099-ethernet.md	461	10520
Table	283	ethernet Command Flags	06-operation-commands/099-ethernet.md	462	10530
Table	284	ethernet Command Parameters	06-operation-commands/099-ethernet.md	462	10536
Table	285	exit Command Usage	06-operation-commands/100-exit.md	471	10611
Table	286	exit Command Flags	06-operation-commands/100-exit.md	471	10619
Table	287	expect Command Usage	06-operation-commands/101-expect.md	472	10650
Table	288	expect Command Flags	06-operation-commands/101-expect.md	472	10658
Table	289	expect Command Parameters	06-operation-commands/101-expect.md	473	10666
Table	290	export Command Usage	06-operation-commands/102-export.md	474	10705
Table	291	export Command Flags	06-operation-commands/102-export.md	474	10713
Table	292	export Command Parameters	06-operation-commands/102-export.md	474	10719
Table	293	extended-config Command Usage	06-operation-commands/103-extended-config.md	476	10771
Table	294	extended-config Command Parameters	06-operation-commands/103-extended-config.md	476	10779
Table	295	external-fiber-connection Command Usage	06-operation-commands/104-external-fiber-connection.md	477	10815
Table	296	external-fiber-connection Command Parameters	06-operation-commands/104-external-fiber-connection.md	477	10825
Table	297	facilities Command Usage	06-operation-commands/105-facilities.md	480	10856
Table	298	fc Command Usage	06-operation-commands/106-fc.md	482	10923
Table	299	fc Command Parameters	06-operation-commands/106-fc.md	482	10931
Table	300	fiber-connection Command Usage	06-operation-commands/107-fiber-connection.md	489	10981
Table	301	fiber-connection Command Parameters	06-operation-commands/107-fiber-connection.md	489	10991
Table	302	file Command Usage	06-operation-commands/108-file.md	492	11042
Table	303	file Command Parameters	06-operation-commands/108-file.md	492	11050
Table	304	file-operation Command Usage	06-operation-commands/109-file-operation.md	495	11138
Table	305	file-operation Command Parameters	06-operation-commands/109-file-operation.md	495	11146
Table	306	file-server Command Usage	06-operation-commands/110-file-server.md	496	11176
Table	307	file-server Command Parameters	06-operation-commands/110-file-server.md	496	11184
Table	308	file-type Command Usage	06-operation-commands/111-file-type.md	500	11219
Table	309	file-type Command Parameters	06-operation-commands/111-file-type.md	500	11227
Table	310	flexo Command Usage	06-operation-commands/112-flexo.md	501	11257
Table	311	flexo Command Parameters	06-operation-commands/112-flexo.md	501	11265
Table	312	flexo-group Command Usage	06-operation-commands/113-flexo-group.md	505	11316
Table	313	flexo-group Command Parameters	06-operation-commands/113-flexo-group.md	505	11324
Table	314	fru-info Command Usage	06-operation-commands/114-fru-info.md	509	11362
Table	315	fru-info Command Parameters	06-operation-commands/114-fru-info.md	509	11370
Table	316	gadt Command Usage	06-operation-commands/115-gadt.md	510	11393
Table	317	gadt Command Parameters	06-operation-commands/115-gadt.md	510	11401
Table	318	gapt Command Usage	06-operation-commands/116-gapt.md	512	11443
Table	319	gapt Command Parameters	06-operation-commands/116-gapt.md	512	11451
Table	320	gcmt Command Usage	06-operation-commands/117-gcmt.md	514	11523
Table	321	gcmt Command Parameters	06-operation-commands/117-gcmt.md	514	11531
Table	322	get-conditions Command Usage	06-operation-commands/118-get-conditions.md	516	11576
Table	323	get-conditions Command Parameters	06-operation-commands/118-get-conditions.md	516	11584
Table	324	golden-advanced-parameter Command Usage	06-operation-commands/119-golden-advanced-parameter.md	518	11620
Table	325	golden-advanced-parameter Command Parameters	06-operation-commands/119-golden-advanced-parameter.md	518	11628
Table	326	golden-carrier-mode Command Usage	06-operation-commands/120-golden-carrier-mode.md	521	11692
Table	327	golden-carrier-mode Command Parameters	06-operation-commands/120-golden-carrier-mode.md	521	11700
Table	328	grpc Command Usage	06-operation-commands/121-grpc.md	523	11734
Table	329	grpc Command Parameters	06-operation-commands/121-grpc.md	523	11742
Table	330	gshell Command Usage	06-operation-commands/122-gshell.md	525	11786
Table	331	gshell Command Flags	06-operation-commands/122-gshell.md	525	11795
Table	332	gshell Command Parameters	06-operation-commands/122-gshell.md	525	11801
Table	333	high-speed-monitoring Command Usage	06-operation-commands/123-high-speed-monitoring.md	527	11840
Table	334	high-speed-monitoring Command Parameters	06-operation-commands/123-high-speed-monitoring.md	527	11848
Table	335	http-file-server Command Usage	06-operation-commands/124-http-file-server.md	528	11872
Table	336	http-file-server Command Parameters	06-operation-commands/124-http-file-server.md	528	11880
Table	337	icdp Command Usage	06-operation-commands/125-icdp.md	530	11916
Table	338	icdp Command Parameters	06-operation-commands/125-icdp.md	530	11924
Table	339	if-dhcp-relay Command Usage	06-operation-commands/126-if-dhcp-relay.md	531	11955
Table	340	if-dhcp-relay Command Parameters	06-operation-commands/126-if-dhcp-relay.md	531	11963
Table	341	ike-sa-proposal Command Usage	06-operation-commands/127-ike-sa-proposal.md	533	12005
Table	342	ike-sa-proposal Command Parameters	06-operation-commands/127-ike-sa-proposal.md	533	12013
Table	343	ikev2 Command Usage	06-operation-commands/128-ikev2.md	535	12050
Table	344	ikev2 Command Parameters	06-operation-commands/128-ikev2.md	535	12058
Table	345	ikev2-local-instance Command Usage	06-operation-commands/129-ikev2-local-instance.md	536	12090
Table	346	ikev2-local-instance Command Parameters	06-operation-commands/129-ikev2-local-instance.md	536	12098
Table	347	ikev2-peer Command Usage	06-operation-commands/130-ikev2-peer.md	539	12161
Table	348	ikev2-peer Command Parameters	06-operation-commands/130-ikev2-peer.md	539	12169
Table	349	import-certificate Command Usage	06-operation-commands/131-import-certificate.md	546	12252
Table	350	import-certificate Command Flags	06-operation-commands/131-import-certificate.md	546	12260
Table	351	import-certificateCommand Parameters	06-operation-commands/131-import-certificate.md	546	12269
Table	352	inci Command Usage	06-operation-commands/132-inci.md	549	12335
Table	353	inci Command Parameters	06-operation-commands/132-inci.md	549	12343
Table	354	inci-neighbor Command Usage	06-operation-commands/133-inci-neighbor.md	551	12383
Table	355	inci-neighbor Command Parameters	06-operation-commands/133-inci-neighbor.md	551	12391
Table	356	interface Command Usage	06-operation-commands/134-interface.md	554	12438
Table	357	interface Command Parameters	06-operation-commands/134-interface.md	555	12448
Table	358	interface-neighbor Command Usage	06-operation-commands/135-interface-neighbor.md	559	12513
Table	359	interface-neighbor Command Parameters	06-operation-commands/135-interface-neighbor.md	559	12521
Table	360	interlaken Command Usage	06-operation-commands/136-interlaken.md	562	12569
Table	361	interlaken Command Parameters	06-operation-commands/136-interlaken.md	562	12577
Table	362	inventory Command Usage	06-operation-commands/137-inventory.md	567	12653
Table	363	inventory Command Parameters	06-operation-commands/137-inventory.md	568	12663
Table	364	ip-monitoring Command Usage	06-operation-commands/138-ip-monitoring.md	570	12723
Table	365	ip-monitoring Command Parameters	06-operation-commands/138-ip-monitoring.md	570	12731
Table	366	ipsec-sa-proposal Command Usage	06-operation-commands/139-ipsec-sa-proposal.md	572	12775
Table	367	ipsec-sa-proposal Command Parameters	06-operation-commands/139-ipsec-sa-proposal.md	572	12783
Table	368	ipsec-sa-re-key Command Usage	06-operation-commands/140-ipsec-sa-re-key.md	574	12823
Table	369	ipsec-sa-re-key Command Parameters	06-operation-commands/140-ipsec-sa-re-key.md	574	12831
Table	370	ipsec-spd-entry Command Usage	06-operation-commands/141-ipsec-spd-entry.md	576	12864
Table	371	ipsec-spd-entry Command Parameters	06-operation-commands/141-ipsec-spd-entry.md	576	12872
Table	372	ipsec-traffic-selector Command Usage	06-operation-commands/142-ipsec-traffic-selector.md	579	12921
Table	373	ipsec-traffic-selector Command Parameters	06-operation-commands/142-ipsec-traffic-selector.md	579	12929
Table	374	ipv4-address Command Usage	06-operation-commands/143-ipv4-address.md	581	12968
Table	375	ipv4-address Command Parameters	06-operation-commands/143-ipv4-address.md	581	12977
Table	376	ipv4-static-route Command Usage	06-operation-commands/144-ipv4-static-route.md	583	13021
Table	377	ipv4-static-route Command Parameters	06-operation-commands/144-ipv4-static-route.md	583	13029
Table	378	ipv6-address Command Usage	06-operation-commands/145-ipv6-address.md	586	13073
Table	379	ipv6-address Command Parameters	06-operation-commands/145-ipv6-address.md	586	13081
Table	380	ipv6-static-route Command Usage	06-operation-commands/146-ipv6-static-route.md	588	13125
Table	381	ipv6-static-route Command Parameters	06-operation-commands/146-ipv6-static-route.md	588	13133
Table	382	ISK Command Usage	06-operation-commands/147-isk.md	591	13184
Table	383	ISK Command Flags	06-operation-commands/147-isk.md	591	13192
Table	384	ISK Command Parameters	06-operation-commands/147-isk.md	591	13198
Table	385	key-replacement-package Command Usage	06-operation-commands/148-key-replacement-package.md	594	13255
Table	386	key-replacement-package Command Parameters	06-operation-commands/148-key-replacement-package.md	594	13263
Table	387	kill-session Command Usage	06-operation-commands/149-kill-session.md	596	13297
Table	388	kill-session Command Parameters	06-operation-commands/149-kill-session.md	596	13305
Table	389	KRK Command Usage	06-operation-commands/150-krk.md	597	13336
Table	390	KRK Command Flags	06-operation-commands/150-krk.md	597	13344
Table	391	KRK Command Parameters	06-operation-commands/150-krk.md	597	13350
Table	392	l0-capabilities Command Usage	06-operation-commands/151-l0-capabilities.md	599	13392
Table	393	led Command Usage	06-operation-commands/152-led.md	600	13427
Table	394	led Command Parameters	06-operation-commands/152-led.md	600	13435
Table	395	line-ptp Command Usage	06-operation-commands/153-line-ptp.md	604	13552
Table	396	line-ptp Command Parameters	06-operation-commands/153-line-ptp.md	604	13560
Table	397	links Command Usage	06-operation-commands/154-links.md	611	13642
Table	398	lldp Command Usage	06-operation-commands/155-lldp.md	612	13669
Table	399	lldp Command Parameters	06-operation-commands/155-lldp.md	612	13677
Table	400	lldp-local-info Command Usage	06-operation-commands/156-lldp-local-info.md	613	13714
Table	401	lldp-local-info Command Parameters	06-operation-commands/156-lldp-local-info.md	613	13722
Table	402	lldp-neighbor Command Usage	06-operation-commands/157-lldp-neighbor.md	616	13770
Table	403	lldp-neighbor Command Parameters	06-operation-commands/157-lldp-neighbor.md	616	13778
Table	404	lldp-port-statistics Command Usage	06-operation-commands/158-lldp-port-statistics.md	620	13836
Table	405	lldp-port-statistics Command Parameters	06-operation-commands/158-lldp-port-statistics.md	620	13844
Table	406	local-certificate Command Usage	06-operation-commands/159-local-certificate.md	622	13899
Table	407	local-certificate Command Parameters	06-operation-commands/159-local-certificate.md	622	13907
Table	408	local-ports Command Usage	06-operation-commands/160-local-ports.md	627	13973
Table	409	local-ports Command Parameters	06-operation-commands/160-local-ports.md	627	13981
Table	410	local-subnet Command Usage	06-operation-commands/161-local-subnet.md	629	14024
Table	411	local-subnet Command Parameters	06-operation-commands/161-local-subnet.md	629	14032
Table	412	lock Command Usage	06-operation-commands/162-lock.md	631	14069
Table	413	lock Command Flags	06-operation-commands/162-lock.md	631	14077
Table	414	log Command Usage	06-operation-commands/163-log.md	634	14125
Table	415	log Command Flags	06-operation-commands/163-log.md	634	14133
Table	416	log Command Parameters	06-operation-commands/163-log.md	634	14141
Table	417	log-console Command Usage	06-operation-commands/164-log-console.md	637	14228
Table	418	log-console Command Parameters	06-operation-commands/164-log-console.md	637	14236
Table	419	log-console-facility-filter Command Usage	06-operation-commands/165-log-console-facility-filter.md	639	14276
Table	420	log-console-facility-filter Command Parameters	06-operation-commands/165-log-console-facility-filter.md	639	14284
Table	421	log-file Command Usage	06-operation-commands/166-log-file.md	642	14321
Table	422	log-file Command Parameters	06-operation-commands/166-log-file.md	642	14329
Table	423	log-file-facility-filter Command Usage	06-operation-commands/167-log-file-facility-filter.md	646	14384
Table	424	log-file-facility-filter Command Parameters	06-operation-commands/167-log-file-facility-filter.md	646	14392
Table	425	log-server Command Usage	06-operation-commands/168-log-server.md	649	14442
Table	426	log-server Command Parameters	06-operation-commands/168-log-server.md	649	14450
Table	427	log-server-facility-filter Command Usage	06-operation-commands/169-log-server-facility-filter.md	653	14501
Table	428	log-server-facility-filter Command Parameters	06-operation-commands/169-log-server-facility-filter.md	653	14509
Table	429	L2-bridge Command Usage	06-operation-commands/170-l2-bridge.md	656	14543
Table	430	L2-bridge Command Parameters	06-operation-commands/170-l2-bridge.md	656	14551
Table	431	macsec-entity Command Usage	06-operation-commands/171-macsec-entity.md	657	14581
Table	432	macsec-entity Command Parameters	06-operation-commands/171-macsec-entity.md	657	14589
Table	433	macsec-mka Command Usage	06-operation-commands/172-macsec-mka.md	659	14641
Table	434	macsec-mka Command Parameters	06-operation-commands/172-macsec-mka.md	659	14649
Table	435	mka-policy Command Usage	06-operation-commands/173-mka-policy.md	661	14698
Table	436	mka-policy Command Parameters	06-operation-commands/173-mka-policy.md	661	14706
Table	437	management-address Command Usage	06-operation-commands/174-management-address.md	663	14732
Table	438	management-address Command Parameters	06-operation-commands/174-management-address.md	663	14740
Table	439	management-address-local Command Usage	06-operation-commands/175-management-address-local.md	665	14768
Table	440	management-address-local Command Parameters	06-operation-commands/175-management-address-local.md	665	14776
Table	441	manifest Command Usage	06-operation-commands/176-manifest.md	667	14813
Table	442	manifest Command Parameters	06-operation-commands/176-manifest.md	667	14821
Table	443	manual-switchover Command Usage	06-operation-commands/177-manual-switchover.md	669	14874
Table	444	manual-switchover Command Parameters	06-operation-commands/177-manual-switchover.md	669	14882
Table	445	mc Command Usage	06-operation-commands/178-mc.md	671	14939
Table	446	mc Command Parameters	06-operation-commands/178-mc.md	671	14947
Table	447	mc-f Command Usage	06-operation-commands/179-mc-f.md	676	14995
Table	448	nmc-f Command Parameters	06-operation-commands/179-mc-f.md	676	15003
Table	449	messagekill-session Command Usage	06-operation-commands/180-message.md	678	15033
Table	450	message Command Parameters	06-operation-commands/180-message.md	678	15041
Table	451	modules-adg command usage	06-operation-commands/181-modules-adg.md	680	15081
Table	452	modules-adg Command Parameters	06-operation-commands/181-modules-adg.md	680	15090
Table	453	modules-degree command usage	06-operation-commands/182-modules-degree.md	682	15126
Table	454	modules-degree Command Parameters	06-operation-commands/182-modules-degree.md	682	15135
Table	455	monitored-channel Command Usage	06-operation-commands/183-monitored-channel.md	684	15167
Table	456	monitored-channel Command Parameters	06-operation-commands/183-monitored-channel.md	684	15175
Table	457	named-value-set Command Usage	06-operation-commands/184-named-value-set.md	686	15217
Table	458	named-value-set Command Parameters	06-operation-commands/184-named-value-set.md	686	15225
Table	459	nct-connection Command Usage	06-operation-commands/185-nct-connection.md	687	15249
Table	460	nct-connection Command Parameters	06-operation-commands/185-nct-connection.md	687	15257
Table	461	ne Command Usage	06-operation-commands/186-ne.md	690	15303
Table	462	ne Command Parameters	06-operation-commands/186-ne.md	690	15311
Table	463	ne-function Command Usage	06-operation-commands/187-ne-function.md	697	15370
Table	464	netconf Command Usage	06-operation-commands/188-netconf.md	699	15424
Table	465	netconf Command Parameters	06-operation-commands/188-netconf.md	699	15432
Table	466	network-xconnect Command Usage	06-operation-commands/189-network-xconnect.md	701	15472
Table	467	networking Command Usage	06-operation-commands/190-networking.md	702	15507
Table	468	networking Command Parameters	06-operation-commands/190-networking.md	702	15515
Table	469	networking-services Command Usage	06-operation-commands/191-networking-services.md	703	15551
Table	470	next-hop Command Usage	06-operation-commands/192-next-hop.md	704	15585
Table	471	next-hop Command Parameters	06-operation-commands/192-next-hop.md	704	15593
Table	472	nmc Command Usage	06-operation-commands/193-nmc.md	707	15653
Table	473	nmc Command Parameters	06-operation-commands/193-nmc.md	707	15661
Table	474	nmc-f Command Usage	06-operation-commands/194-nmc-f.md	719	15749
Table	475	nmc-f Command Parameters	06-operation-commands/194-nmc-f.md	719	15757
Table	476	ntp Command Usage	06-operation-commands/195-ntp.md	723	15807
Table	477	ntp Command Parameters	06-operation-commands/195-ntp.md	723	15815
Table	478	ntp-key Command Usage	06-operation-commands/196-ntp-key.md	725	15853
Table	479	ntp-key Command Parameters	06-operation-commands/196-ntp-key.md	725	15861
Table	480	ntp-server Command Usage	06-operation-commands/197-ntp-server.md	727	15897
Table	481	ntp-server Command Parameters	06-operation-commands/197-ntp-server.md	727	15905
Table	482	ntp-server-status Command Usage	06-operation-commands/198-ntp-server-status.md	730	15943
Table	483	ntp-server-status Command Parameters	06-operation-commands/198-ntp-server-status.md	730	15951
Table	484	nw-xconnect Command Usage	06-operation-commands/199-nw-xconnect.md	732	15994
Table	485	nw-xconnect Command Parameters	06-operation-commands/199-nw-xconnect.md	732	16002
Table	486	oadm-capabilities Command Usage	06-operation-commands/200-oadm-capabilities.md	736	16071
Table	487	oadm-capabilities Command Parameters	06-operation-commands/200-oadm-capabilities.md	736	16079
Table	488	oc Command Usage	06-operation-commands/201-oc.md	738	16119
Table	489	oc Command Parameters	06-operation-commands/201-oc.md	738	16127
Table	490	ochm Command Usage	06-operation-commands/202-ochm.md	743	16188
Table	491	ochm Command Parameters	06-operation-commands/202-ochm.md	743	16196
Table	492	ocm-channel Command Usage	06-operation-commands/203-ocm-channel.md	748	16249
Table	493	ocm-channel Command Parameters	06-operation-commands/203-ocm-channel.md	748	16257
Table	494	ocm-mp Command Usage	06-operation-commands/204-ocm-mp.md	750	16285
Table	495	ocm-mp Command Parameters	06-operation-commands/204-ocm-mp.md	750	16293
Table	496	ocm-ptp Command Usage	06-operation-commands/205-ocm-ptp.md	754	16331
Table	497	ocm-ptp Command Parameters	06-operation-commands/205-ocm-ptp.md	754	16339
Table	498	ocsp-server Command Usage	06-operation-commands/206-ocsp-server.md	758	16399
Table	499	ocsp-server Command Parameters	06-operation-commands/206-ocsp-server.md	758	16407
Table	500	odu Command Usage	06-operation-commands/207-odu.md	762	16468
Table	501	odu Command Parameters	06-operation-commands/207-odu.md	762	16477
Table	502	odu-diagnostics Command Usage	06-operation-commands/208-odu-diagnostics.md	771	16607
Table	503	odu-diagnostics Command Parameters	06-operation-commands/208-odu-diagnostics.md	772	16617
Table	504	oms Command Usage	06-operation-commands/209-oms.md	777	16680
Table	505	oms Command Parameters	06-operation-commands/209-oms.md	777	16688
Table	506	ops Command Usage	06-operation-commands/210-ops.md	790	16758
Table	507	ops Command Parameters	06-operation-commands/210-ops.md	790	16766
Table	508	optical-carrier Command Usage	06-operation-commands/211-optical-carrier.md	796	16825
Table	509	optical-carrier Command Parameters	06-operation-commands/211-optical-carrier.md	797	16835
Table	510	optical-channel Command Usage	06-operation-commands/212-optical-channel.md	807	16920
Table	511	optical-channel Command Parameters	06-operation-commands/212-optical-channel.md	807	16928
Table	512	optical-ptp Command Usage	06-operation-commands/213-optical-ptp.md	810	16973
Table	513	optical-ptp Command Parameters	06-operation-commands/213-optical-ptp.md	810	16981
Table	514	optical-switch Command Usage	06-operation-commands/214-optical-switch.md	820	17044
Table	515	optical-switch Command Parameters	06-operation-commands/214-optical-switch.md	821	17054
Table	516	osc Command Usage	06-operation-commands/215-osc.md	829	17125
Table	517	osc Command Parameters	06-operation-commands/215-osc.md	829	17133
Table	518	ospf Command Usage	06-operation-commands/216-ospf.md	837	17195
Table	519	ospf Command Flags	06-operation-commands/216-ospf.md	837	17203
Table	520	ospf Command Parameters	06-operation-commands/216-ospf.md	837	17209
Table	521	ospf-area Command Usage	06-operation-commands/217-ospf-area.md	839	17244
Table	522	ospf-area Command Parameters	06-operation-commands/217-ospf-area.md	839	17253
Table	523	ospf-area-range Command Usage	06-operation-commands/218-ospf-area-range.md	841	17290
Table	524	ospf-area-range Command Parameters	06-operation-commands/218-ospf-area-range.md	841	17299
Table	525	ospf-instance Command Usage	06-operation-commands/219-ospf-instance.md	844	17350
Table	526	ospf-instance Command Parameters	06-operation-commands/219-ospf-instance.md	844	17360
Table	527	ospf-interface Command Usage	06-operation-commands/220-ospf-interface.md	846	17404
Table	528	ospf-interface Command Parameters	06-operation-commands/220-ospf-interface.md	846	17413
Table	529	ospf-neighbor Command Usage	06-operation-commands/221-ospf-neighbor.md	849	17458
Table	530	ospf-neighbor Command Parameters	06-operation-commands/221-ospf-neighbor.md	849	17467
Table	531	ospfv3-ipsec-security-association Command Usage	06-operation-commands/222-ospfv3-ipsec-security-association.md	852	17524
Table	532	ospfv3-ipsec-security-association Command Parameters	06-operation-commands/222-ospfv3-ipsec-security-association.md	852	17533
Table	533	otdr Command Usage	06-operation-commands/223-otdr.md	854	17574
Table	534	otdr Command Flags	06-operation-commands/223-otdr.md	854	17582
Table	535	otdr Command Parameters	06-operation-commands/223-otdr.md	855	17590
Table	536	otdr-ptp Command Usage	06-operation-commands/224-otdr-ptp.md	860	17646
Table	537	otdr-ptp Command Flags	06-operation-commands/224-otdr-ptp.md	861	17656
Table	538	otdr-ptp Command Parameters	06-operation-commands/224-otdr-ptp.md	861	17662
Table	539	ots Command Usage	06-operation-commands/225-ots.md	868	17725
Table	540	ots Command Parameters	06-operation-commands/225-ots.md	869	17735
Table	541	ots-diagnostics Command Usage	06-operation-commands/226-ots-diagnostics.md	883	17812
Table	542	ots-diagnostics Command Parameters	06-operation-commands/226-ots-diagnostics.md	883	17820
Table	543	ots-r Command Usage	06-operation-commands/227-ots-r.md	887	17877
Table	544	ots-r Command Parameters	06-operation-commands/227-ots-r.md	887	17885
Table	545	ots-r-auto-otdr Command Usage	06-operation-commands/228-ots-r-auto-otdr.md	892	17931
Table	546	ots-r-auto-otdr Command Parameters	06-operation-commands/228-ots-r-auto-otdr.md	892	17939
Table	547	otu Command Usage	06-operation-commands/229-otu.md	896	17988
Table	548	otu Command Parameters	06-operation-commands/229-otu.md	896	17996
Table	549	otu-diagnostics Command Usage	06-operation-commands/230-otu-diagnostics.md	905	18089
Table	550	otu-diagnostics Command Parameters	06-operation-commands/230-otu-diagnostics.md	906	18099
Table	551	oxcon Command Usage	06-operation-commands/231-oxcon.md	912	18169
Table	552	oxcon Command Parameters	06-operation-commands/231-oxcon.md	913	18179
Table	553	packaged-fw Command Usage	06-operation-commands/232-packaged-fw.md	922	18239
Table	554	packaged-fw Command Parameters	06-operation-commands/232-packaged-fw.md	922	18247
Table	555	password Command Usage	06-operation-commands/233-password.md	925	18298
Table	556	password Command Flags	06-operation-commands/233-password.md	925	18306
Table	557	password Command Parameters	06-operation-commands/233-password.md	925	18312
Table	558	peer-certificate Command Usage	06-operation-commands/234-peer-certificate.md	927	18368
Table	559	peer-certificate Command Parameters	06-operation-commands/234-peer-certificate.md	927	18376
Table	560	ping Command Usage	06-operation-commands/235-ping.md	932	18441
Table	561	ping Command Flags	06-operation-commands/235-ping.md	932	18449
Table	562	ping Command Parameters	06-operation-commands/235-ping.md	932	18460
Table	563	pm Command Usage	06-operation-commands/236-pm.md	935	18525
Table	564	pm Command Flags	06-operation-commands/236-pm.md	935	18533
Table	565	pm Command Parameters	06-operation-commands/236-pm.md	935	18547
Table	566	pm-catalog Command Usage	06-operation-commands/237-pm-catalog.md	942	18691
Table	567	pm-catalog Command Parameters	06-operation-commands/237-pm-catalog.md	942	18699
Table	568	pm-control Command Usage	06-operation-commands/238-pm-control.md	943	18738
Table	569	pm-control Command Parameters	06-operation-commands/238-pm-control.md	943	18746
Table	570	pm-control-entry Command Usage	06-operation-commands/239-pm-control-entry.md	944	18778
Table	571	pm-control-entry Command Parameters	06-operation-commands/239-pm-control-entry.md	944	18786
Table	572	pm-parameter Command Usage	06-operation-commands/240-pm-parameter.md	946	18814
Table	573	pm-parameter Command Parameters	06-operation-commands/240-pm-parameter.md	946	18822
Table	574	pm-profile Command Usage	06-operation-commands/241-pm-profile.md	949	18875
Table	575	pm-profile Command Parameters	06-operation-commands/241-pm-profile.md	949	18883
Table	576	pm-profile-entry Command Usage	06-operation-commands/242-pm-profile-entry.md	951	18914
Table	577	pm-profile-entry Command Parameters	06-operation-commands/242-pm-profile-entry.md	951	18922
Table	578	pm-resource Command Usage	06-operation-commands/243-pm-resource.md	953	18950
Table	579	pm-resource Command Parameters	06-operation-commands/243-pm-resource.md	953	18958
Table	580	pm-threshold Command Usage	06-operation-commands/244-pm-threshold.md	955	19003
Table	581	pm-threshold Command Parameters	06-operation-commands/244-pm-threshold.md	955	19011
Table	582	pm-threshold-profile Command Usage	06-operation-commands/245-pm-threshold-profile.md	957	19041
Table	583	pm-threshold-profile Command Parameters	06-operation-commands/245-pm-threshold-profile.md	957	19049
Table	584	port Command Usage	06-operation-commands/246-port.md	960	19095
Table	585	port Command Parameters	06-operation-commands/246-port.md	960	19103
Table	586	prepare-upgrade Command Usage	06-operation-commands/247-prepare-upgrade.md	966	19161
Table	587	prepare-upgrade Command Flags	06-operation-commands/247-prepare-upgrade.md	966	19169
Table	588	prepare-upgrade Command Parameters	06-operation-commands/247-prepare-upgrade.md	966	19178
Table	589	profile-control Command Usage	06-operation-commands/248-profile-control.md	971	19256
Table	590	profile-control Command Parameters	06-operation-commands/248-profile-control.md	971	19264
Table	591	property Command Usage	06-operation-commands/249-property.md	974	19362
Table	592	property Command Parameters	06-operation-commands/249-property.md	974	19370
Table	593	protection Command Usage	06-operation-commands/250-protection.md	976	19401
Table	594	protection-group Command Usage	06-operation-commands/251-protection-group.md	977	19445
Table	595	protection-group Command Parameters	06-operation-commands/251-protection-group.md	978	19455
Table	596	protection-switch Command Usage	06-operation-commands/252-protection-switch.md	984	19513
Table	597	protection-switch Command Parameters	06-operation-commands/252-protection-switch.md	984	19521
Table	598	protection-unit Command Usage	06-operation-commands/253-protection-unit.md	985	19554
Table	599	protection-unit Command Parameters	06-operation-commands/253-protection-unit.md	985	19562
Table	600	protocols Command Usage	06-operation-commands/254-protocols.md	987	19599
Table	601	protocols Command Parameters	06-operation-commands/254-protocols.md	987	19607
Table	602	pump Command Usage	06-operation-commands/255-pump.md	992	19742
Table	603	pump Command Parameters	06-operation-commands/255-pump.md	992	19750
Table	604	pump-power Command Usage	06-operation-commands/256-pump-power.md	994	19782
Table	605	pump-power Command Parameters	06-operation-commands/256-pump-power.md	994	19790
Table	606	raman-calibration Command Usage	06-operation-commands/257-raman-calibration.md	997	19822
Table	607	raman-calibration Command Parameters	06-operation-commands/257-raman-calibration.md	997	19830
Table	608	re-auth Command Usage	06-operation-commands/258-re-auth.md	1001	19871
Table	609	re-auth Command Parameters	06-operation-commands/258-re-auth.md	1001	19879
Table	610	re-key Command Usage	06-operation-commands/259-re-key.md	1002	19915
Table	611	re-key Command Parameters	06-operation-commands/259-re-key.md	1002	19923
Table	612	clear recover-mode Command Usage	06-operation-commands/260-recover-mode.md	1004	19963
Table	613	clear recover-mode Command Flags	06-operation-commands/260-recover-mode.md	1004	19971
Table	614	recovery Command Usage	06-operation-commands/261-recovery.md	1005	20008
Table	615	recovery Command Parameters	06-operation-commands/261-recovery.md	1005	20016
Table	616	remote-ports Command Usage	06-operation-commands/262-remote-ports.md	1009	20074
Table	617	remote-ports Command Parameters	06-operation-commands/262-remote-ports.md	1009	20082
Table	618	remote-subnet Command Usage	06-operation-commands/263-remote-subnet.md	1011	20120
Table	619	remote-subnet Command Parameters	06-operation-commands/263-remote-subnet.md	1011	20128
Table	620	resources Command Usage	06-operation-commands/264-resources.md	1013	20164
Table	621	resources Command Parameters	06-operation-commands/264-resources.md	1013	20172
Table	622	restart Command Usage	06-operation-commands/265-restart.md	1016	20232
Table	623	restart Command Flags	06-operation-commands/265-restart.md	1017	20242
Table	624	restart Command Parameters	06-operation-commands/265-restart.md	1017	20249
Table	625	restconf Command Usage	06-operation-commands/266-restconf.md	1020	20324
Table	626	restconf Command Parameters	06-operation-commands/266-restconf.md	1020	20332
Table	627	rib Command Usage	06-operation-commands/267-rib.md	1022	20380
Table	628	rib Command Parameters	06-operation-commands/267-rib.md	1022	20388
Table	629	rollback Command Usage	06-operation-commands/268-rollback.md	1023	20420
Table	630	rollback Command Parameters	06-operation-commands/268-rollback.md	1023	20428
Table	631	route Command Usage	06-operation-commands/269-route.md	1024	20450
Table	632	route Command Parameters	06-operation-commands/269-route.md	1024	20458
Table	633	routing Command Usage	06-operation-commands/270-routing.md	1026	20491
Table	634	rsc Command Usage	06-operation-commands/271-rsc.md	1027	20527
Table	635	rsc Command Parameters	06-operation-commands/271-rsc.md	1027	20535
Table	636	run Command Usage	06-operation-commands/272-run.md	1030	20572
Table	637	run Command Flags	06-operation-commands/272-run.md	1030	20581
Table	638	run Command Parameters	06-operation-commands/272-run.md	1030	20590
Table	639	sc-rx Command Usage	06-operation-commands/273-sc-rx.md	1032	20628
Table	640	sc-rx Command Parameters	06-operation-commands/273-sc-rx.md	1032	20636
Table	641	sc-tx Command Usage	06-operation-commands/274-sc-tx.md	1034	20661
Table	642	sc-tx Command Parameters	06-operation-commands/274-sc-tx.md	1034	20669
Table	643	scheduled-task Command Usage	06-operation-commands/275-scheduled-task.md	1036	20701
Table	644	scheduled-task Command Parameters	06-operation-commands/275-scheduled-task.md	1036	20709
Table	645	secure-application Command Usage	06-operation-commands/276-secure-application.md	1039	20753
Table	646	secure-application Command Parameters	06-operation-commands/276-secure-application.md	1039	20761
Table	647	secure-entity Command Usage	06-operation-commands/277-secure-entity.md	1042	20828
Table	648	secure-entity Command Attributes	06-operation-commands/277-secure-entity.md	1042	20836
Table	649	secure-entity-sa-proposal Command Usage	06-operation-commands/278-secure-entity-sa-proposal.md	1045	20889
Table	650	secure-entity-sa-proposal Command Parameters	06-operation-commands/278-secure-entity-sa-proposal.md	1045	20897
Table	651	security Command Usage	06-operation-commands/279-security.md	1047	20924
Table	652	security-policies Command Usage	06-operation-commands/280-security-policies.md	1048	20966
Table	653	security-policies Command Parameters	06-operation-commands/280-security-policies.md	1049	20976
Table	654	security-policy-database Command Usage	06-operation-commands/281-security-policy-database.md	1060	21052
Table	655	security-policy-database Command Attributes	06-operation-commands/281-security-policy-database.md	1060	21060
Table	656	serdes Command Usage	06-operation-commands/282-serdes.md	1062	21095
Table	657	serdes Command Parameters	06-operation-commands/282-serdes.md	1062	21103
Table	658	serdes-template Command Usage	06-operation-commands/283-serdes-template.md	1064	21148
Table	659	serdes-template Command Parameters	06-operation-commands/283-serdes-template.md	1064	21156
Table	660	serdes-template-entry Command Usage	06-operation-commands/284-serdes-template-entry.md	1066	21210
Table	661	serdes-template-entry Command Parameters	06-operation-commands/284-serdes-template-entry.md	1066	21218
Table	662	serial-console Command Usage	06-operation-commands/285-serial-console.md	1068	21276
Table	663	serial-console Command Parameters	06-operation-commands/285-serial-console.md	1068	21284
Table	664	session Command Usage	06-operation-commands/286-session.md	1069	21317
Table	665	session Command Parameters	06-operation-commands/286-session.md	1069	21325
Table	666	set Command Usage	06-operation-commands/287-set.md	1073	21393
Table	667	set Command Flags	06-operation-commands/287-set.md	1073	21401
Table	668	set Command Parameters	06-operation-commands/287-set.md	1073	21409
Table	669	set Command Entity IDs	06-operation-commands/287-set.md	1074	21422
Table	670	set-alarm-state Command Usage	06-operation-commands/288-set-alarm-state.md	1085	21695
Table	671	set-alarm-state Command Flags	06-operation-commands/288-set-alarm-state.md	1085	21703
Table	672	set-alarm-state Command Parameters	06-operation-commands/288-set-alarm-state.md	1085	21709
Table	673	set-time Command Usage	06-operation-commands/289-set-time.md	1087	21749
Table	674	set-time Command Flags	06-operation-commands/289-set-time.md	1087	21757
Table	675	set-time Command Parameters	06-operation-commands/289-set-time.md	1088	21765
Table	676	shell Command Usage	06-operation-commands/290-shell.md	1090	21828
Table	677	shell Command Flags	06-operation-commands/290-shell.md	1090	21836
Table	678	show Command Usage	06-operation-commands/291-show.md	1093	21913
Table	679	show Command Flags	06-operation-commands/291-show.md	1093	21921
Table	680	show Command Parameters	06-operation-commands/291-show.md	1093	21935
Table	681	show Command Entity Types	06-operation-commands/291-show.md	1093	21946
Table	682	show commit Command Usage	06-operation-commands/292-show-commit.md	1125	22773
Table	683	show Command Flags	06-operation-commands/292-show-commit.md	1125	22781
Table	684	show Command Parameters	06-operation-commands/292-show-commit.md	1126	22791
Table	685	simulate Command Usage	06-operation-commands/293-simulate.md	1127	22820
Table	686	simulate Command Parameters	06-operation-commands/293-simulate.md	1128	22830
Table	687	sleep Command Usage	06-operation-commands/294-sleep.md	1130	22870
Table	688	sleep Command Flags	06-operation-commands/294-sleep.md	1130	22878
Table	689	sleep Command Parameters	06-operation-commands/294-sleep.md	1130	22884
Table	690	slot Command Usage	06-operation-commands/295-slot.md	1132	22923
Table	691	slot Command Parameters	06-operation-commands/295-slot.md	1132	22931
Table	692	SNDP Command Usage	06-operation-commands/296-sndp.md	1135	23002
Table	693	SNDP Command Parameters	06-operation-commands/296-sndp.md	1135	23010
Table	694	snmp Command Usage	06-operation-commands/297-snmp.md	1136	23043
Table	695	snmp Command Parameters	06-operation-commands/297-snmp.md	1136	23051
Table	696	snmp-community Command Usage	06-operation-commands/298-snmp-community.md	1138	23095
Table	697	snmp-community Command Parameters	06-operation-commands/298-snmp-community.md	1138	23104
Table	698	snmp-target Command Usage	06-operation-commands/299-snmp-target.md	1140	23142
Table	699	snmp-target Command Parameters	06-operation-commands/299-snmp-target.md	1140	23151
Table	700	snmpv3-user Command Usage	06-operation-commands/300-snmpv3-user.md	1143	23196
Table	701	snmpv3-user Command Parameters	06-operation-commands/300-snmpv3-user.md	1143	23205
Table	702	software-load Command Usage	06-operation-commands/301-software-load.md	1145	23243
Table	703	software-load Command Parameters	06-operation-commands/301-software-load.md	1145	23251
Table	704	software-location Command Usage	06-operation-commands/302-software-location.md	1148	23299
Table	705	software-location Command Parameters	06-operation-commands/302-software-location.md	1148	23307
Table	706	spectrum Command Usage	06-operation-commands/303-spectrum.md	1149	23339
Table	707	spectrum Command Parameters	06-operation-commands/303-spectrum.md	1149	23347
Table	708	spectrum-control Command Usage	06-operation-commands/304-spectrum-control.md	1153	23405
Table	709	spectrum-control Command Parameters	06-operation-commands/304-spectrum-control.md	1153	23413
Table	710	spectrum-monitoring Command Usage	06-operation-commands/305-spectrum-monitoring.md	1156	23464
Table	711	spectrum-monitoring Command Parameters	06-operation-commands/305-spectrum-monitoring.md	1156	23472
Table	712	ssh Command Usage	06-operation-commands/306-ssh.md	1159	23513
Table	713	ssh Command Parameters	06-operation-commands/306-ssh.md	1159	23521
Table	714	ssh-authorized-key Command Usage	06-operation-commands/307-ssh-authorized-key.md	1161	23563
Table	715	ssh-authorized-key Command Parameters	06-operation-commands/307-ssh-authorized-key.md	1161	23571
Table	716	ssh-host-key Command Usage	06-operation-commands/308-ssh-host-key.md	1163	23614
Table	717	ssh-host-key Command Parameters	06-operation-commands/308-ssh-host-key.md	1163	23622
Table	718	ssh-keygen Command Usage	06-operation-commands/309-ssh-keygen.md	1165	23666
Table	719	ssh-keygen Command Parameters	06-operation-commands/309-ssh-keygen.md	1166	23676
Table	720	ssh-known-host Command Usage	06-operation-commands/310-ssh-known-host.md	1168	23731
Table	721	ssh-known-host Command Parameters	06-operation-commands/310-ssh-known-host.md	1168	23739
Table	722	statistics Command Usage	06-operation-commands/311-statistics.md	1171	23784
Table	723	statistics Command Flags	06-operation-commands/311-statistics.md	1171	23792
Table	724	statistics Command Parameters	06-operation-commands/311-statistics.md	1172	23801
Table	725	status Command Usage	06-operation-commands/312-status.md	1177	23900
Table	726	status Command Parameters	06-operation-commands/312-status.md	1177	23908
Table	727	stm Command Usage	06-operation-commands/313-stm.md	1185	24128
Table	728	stm Command Parameters	06-operation-commands/313-stm.md	1185	24136
Table	729	sub-component Command Usage	06-operation-commands/314-sub-component.md	1188	24185
Table	730	sub-component Command Parameters	06-operation-commands/314-sub-component.md	1188	24193
Table	731	submarine-link Command Usage	06-operation-commands/315-submarine-link.md	1190	24244
Table	732	submarine-link Command Parameters	06-operation-commands/315-submarine-link.md	1191	24254
Table	733	subscription-path Command Usage	06-operation-commands/316-subscription-path.md	1196	24369
Table	734	subscription-path Command Parameters	06-operation-commands/316-subscription-path.md	1196	24377
Table	735	subscriptions Command Usage	06-operation-commands/317-subscriptions.md	1199	24406
Table	736	subtype-constraint Command Usage	06-operation-commands/318-subtype-constraint.md	1200	24432
Table	737	subtype-constraint Command Parameters	06-operation-commands/318-subtype-constraint.md	1200	24440
Table	738	super-channel Command Usage	06-operation-commands/319-super-channel.md	1202	24473
Table	739	super-channel Command Parameters	06-operation-commands/319-super-channel.md	1202	24481
Table	740	super-channel-group Command Usage	06-operation-commands/320-super-channel-group.md	1206	24532
Table	741	super-channel-group Command Parameters	06-operation-commands/320-super-channel-group.md	1207	24542
Table	742	supported-card Command Usage	06-operation-commands/321-supported-card.md	1210	24584
Table	743	supported-card Command Parameters	06-operation-commands/321-supported-card.md	1210	24592
Table	744	supported-carrier-mode Command Usage	06-operation-commands/322-supported-carrier-mode.md	1215	24648
Table	745	supported-carrier-mode Command Parameters	06-operation-commands/322-supported-carrier-mode.md	1215	24656
Table	746	supported-chassis Command Usage	06-operation-commands/323-supported-chassis.md	1217	24688
Table	747	supported-chassis Command Parameters	06-operation-commands/323-supported-chassis.md	1217	24696
Table	748	supported-gain-range command usage	06-operation-commands/324-supported-gain-range.md	1220	24757
Table	749	supported-gain-range Command Parameters	06-operation-commands/324-supported-gain-range.md	1220	24765
Table	750	supported-port Command Usage	06-operation-commands/325-supported-port.md	1221	24791
Table	751	supported-port Command Parameters	06-operation-commands/325-supported-port.md	1221	24799
Table	752	supported-power-profile Command Usage	06-operation-commands/326-supported-power-profile.md	1225	24848
Table	753	supported-power-profile Command Parameters	06-operation-commands/326-supported-power-profile.md	1225	24856
Table	754	supported-slot Command Usage	06-operation-commands/327-supported-slot.md	1226	24885
Table	755	supported-slot Command Parameters	06-operation-commands/327-supported-slot.md	1226	24893
Table	756	supported-tom Command Usage	06-operation-commands/328-supported-tom.md	1231	25011
Table	757	supported-tom Command Parameters	06-operation-commands/328-supported-tom.md	1231	25019
Table	758	supported-tom-power Command Usage	06-operation-commands/329-supported-tom-power.md	1233	25062
Table	759	supported-tom-power Command Parameters	06-operation-commands/329-supported-tom-power.md	1233	25070
Table	760	supporting-fiber-connection Command Usage	06-operation-commands/330-supporting-fiber-connection.md	1235	25096
Table	761	supporting-fiber-connection Command Parameters	06-operation-commands/330-supporting-fiber-connection.md	1235	25104
Table	762	supporting-interface Command Usage	06-operation-commands/331-supporting-interface.md	1236	25127
Table	763	supporting-interface Command Parameters	06-operation-commands/331-supporting-interface.md	1236	25135
Table	764	sw-component Command Usage	06-operation-commands/332-sw-component.md	1237	25159
Table	765	sw-component Command Parameters	06-operation-commands/332-sw-component.md	1237	25167
Table	766	sw-container Command Usage	06-operation-commands/333-sw-container.md	1239	25208
Table	767	sw-container Command Parameters	06-operation-commands/333-sw-container.md	1239	25216
Table	768	sw-control-rule Command Usage	06-operation-commands/334-sw-control-rule.md	1241	25261
Table	769	sw-control-rule Command Parameters	06-operation-commands/334-sw-control-rule.md	1241	25269
Table	770	sw-management Command Usage	06-operation-commands/335-sw-management.md	1243	25301
Table	771	sw-management Command Parameters	06-operation-commands/335-sw-management.md	1243	25309
Table	772	sw-service Command Usage	06-operation-commands/336-sw-service.md	1246	25429
Table	773	sw-service Command Parameters	06-operation-commands/336-sw-service.md	1246	25437
Table	774	sw-subcomponent Command Usage	06-operation-commands/337-sw-subcomponent.md	1248	25483
Table	775	sw-subcomponent Command Parameters	06-operation-commands/337-sw-subcomponent.md	1248	25491
Table	776	swversion Command Usage	06-operation-commands/338-swversion.md	1250	25533
Table	777	syslog Command Usage	06-operation-commands/339-syslog.md	1252	25581
Table	778	syslog Command Parameters	06-operation-commands/339-syslog.md	1252	25589
Table	779	Syslog Message Severity	06-operation-commands/339-syslog.md	1254	25621
Table	780	Syslog Facilities	06-operation-commands/339-syslog.md	1254	25636
Table	781	system Command Usage	06-operation-commands/340-system.md	1258	25732
Table	782	system Command Flags	06-operation-commands/340-system.md	1258	25740
Table	783	system Command Parameters	06-operation-commands/340-system.md	1258	25746
Table	784	system-policies Command Usage	06-operation-commands/341-system-policies.md	1260	25812
Table	785	system-policies Command Parameters	06-operation-commands/341-system-policies.md	1260	25820
Table	786	take-snapshot Command Usage	06-operation-commands/342-take-snapshot.md	1262	25857
Table	787	take-snapshot Command Flags	06-operation-commands/342-take-snapshot.md	1263	25867
Table	788	take-snapshot Command Parameters	06-operation-commands/342-take-snapshot.md	1263	25873
Table	789	task Command Usage	06-operation-commands/343-task.md	1265	25928
Table	790	task Command Attributes	06-operation-commands/343-task.md	1265	25936
Table	791	telemetry Command Usage	06-operation-commands/344-telemetry.md	1268	25984
Table	792	telemetry Command Parameters	06-operation-commands/344-telemetry.md	1268	25992
Table	793	template Command Usage	06-operation-commands/345-template.md	1269	26028
Table	794	template Command Parameters	06-operation-commands/345-template.md	1269	26036
Table	795	template-group Command Usage	06-operation-commands/346-template-group.md	1271	26076
Table	796	template-group Command Parameters	06-operation-commands/346-template-group.md	1271	26084
Table	797	templates command usage	06-operation-commands/347-templates.md	1273	26118
Table	798	terminate Command Usage	06-operation-commands/348-terminate.md	1275	26161
Table	799	terminate Command Flags	06-operation-commands/348-terminate.md	1275	26169
Table	800	terminate location-led Command Parameters	06-operation-commands/348-terminate.md	1275	26175
Table	801	terminate otdr Command Parameters	06-operation-commands/348-terminate.md	1275	26181
Table	802	terminate otdr-fiber-check Command Parameters	06-operation-commands/348-terminate.md	1275	26187
Table	803	terminate loopback Command Parameters	06-operation-commands/348-terminate.md	1275	26193
Table	804	third-party-app Command Usage	06-operation-commands/349-third-party-app.md	1278	26258
Table	805	third-party-app Command Parameters	06-operation-commands/349-third-party-app.md	1278	26266
Table	806	third-party-fw Command Usage	06-operation-commands/350-third-party-fw.md	1280	26295
Table	807	third-party-fw Command Parameters	06-operation-commands/350-third-party-fw.md	1280	26303
Table	808	time Command Usage	06-operation-commands/351-time.md	1282	26334
Table	809	tom Command Usage	06-operation-commands/352-tom.md	1283	26382
Table	810	tom Command Parameters	06-operation-commands/352-tom.md	1284	26392
Table	811	tom-type Command Usage	06-operation-commands/353-tom-type.md	1290	26438
Table	812	tom-type Command Parameters	06-operation-commands/353-tom-type.md	1290	26446
Table	813	topology Command Usage	06-operation-commands/354-topology.md	1292	26491
Table	814	topology Command Flags	06-operation-commands/354-topology.md	1293	26501
Table	815	topology Command Parameters	06-operation-commands/354-topology.md	1293	26507
Table	816	traceroute Command Usage	06-operation-commands/355-traceroute.md	1295	26583
Table	817	traceroute Command Parameters	06-operation-commands/355-traceroute.md	1295	26591
Table	818	transfer Command Usage	06-operation-commands/356-transfer.md	1297	26639
Table	819	transfer Command Parameters	06-operation-commands/356-transfer.md	1297	26647
Table	820	transfer-status Command Usage	06-operation-commands/357-transfer-status.md	1299	26677
Table	821	transfer-status Command Parameters	06-operation-commands/357-transfer-status.md	1299	26685
Table	822	trib-ptp Command Usage	06-operation-commands/358-trib-ptp.md	1303	26773
Table	823	trib-ptp Command Parameters	06-operation-commands/358-trib-ptp.md	1303	26781
Table	824	trusted-certificate Command Usage	06-operation-commands/359-trusted-certificate.md	1310	26852
Table	825	trusted-certificate Command Parameters	06-operation-commands/359-trusted-certificate.md	1310	26860
Table	826	unlock Command Usage	06-operation-commands/360-unlock.md	1314	26915
Table	827	unlock Command Flags	06-operation-commands/360-unlock.md	1314	26923
Table	828	unprovisioned-inventory Command Usage	06-operation-commands/361-unprovisioned-inventory.md	1315	26954
Table	829	unprovisioned-inventory Command Parameters	06-operation-commands/361-unprovisioned-inventory.md	1315	26962
Table	830	update Command Usage	06-operation-commands/362-update.md	1317	26997
Table	831	update Command Flags	06-operation-commands/362-update.md	1317	27005
Table	832	update Command Parameters	06-operation-commands/362-update.md	1317	27011
Table	833	upgrade-status Command Usage	06-operation-commands/363-upgrade-status.md	1319	27048
Table	834	upgrade-status Command Parameters	06-operation-commands/363-upgrade-status.md	1319	27056
Table	835	upload Additional Parameters	06-operation-commands/364-upload.md	1325	27153
Table	836	upload Command Usage	06-operation-commands/364-upload.md	1327	27191
Table	837	upload Command Flags	06-operation-commands/364-upload.md	1327	27199
Table	838	upload Command Parameters	06-operation-commands/364-upload.md	1328	27209
Table	839	uptime Command Usage	06-operation-commands/365-uptime.md	1332	27301
Table	840	usb Command Usage	06-operation-commands/366-usb.md	1333	27341
Table	841	usb Command Parameters	06-operation-commands/366-usb.md	1333	27349
Table	842	user Command Usage	06-operation-commands/367-user.md	1336	27411
Table	843	user Command Attributes	06-operation-commands/367-user.md	1336	27419
Table	844	user-data Command Usage	06-operation-commands/368-user-data.md	1340	27481
Table	845	user-group Command Usage	06-operation-commands/369-user-group.md	1341	27510
Table	846	user-group Command Attributes	06-operation-commands/369-user-group.md	1341	27518
Table	847	validate command usage	06-operation-commands/370-validate.md	1343	27577
Table	848	validate Command Parameters	06-operation-commands/370-validate.md	1343	27585
Table	849	verify Command Usage	06-operation-commands/371-verify.md	1346	27644
Table	850	verify Command Parameters	06-operation-commands/371-verify.md	1346	27652
Table	851	vrf Command Usage	06-operation-commands/372-vrf.md	1348	27693
Table	852	vrf Command Parameters	06-operation-commands/372-vrf.md	1348	27701
Table	853	xcon Command Usage	06-operation-commands/373-xcon.md	1350	27740
Table	854	xcon Command Parameters	06-operation-commands/373-xcon.md	1350	27748
Table	855	ztp Command Usage	06-operation-commands/374-ztp.md	1356	27805
Table	856	ztp Command Parameters	06-operation-commands/374-ztp.md	1356	27813
Table	857	List of Acronyms	99-acronyms/99-acronyms.md	1358	27834
